E01;2022-2-1 01:00:00;624553.842044;-24322708.9857;16866158.9799
E01;2022-2-1 01:00:30;647579.696124;-24367893.5121;16799988.6778
E01;2022-2-1 01:01:00;670402.267897;-24412958.0669;16733586.0796
E01;2022-2-1 01:01:30;693021.878833;-24457901.3547;16666952.1038
E01;2022-2-1 01:02:00;715438.8579;-24502722.0826;16600087.6722
E01;2022-2-1 01:02:30;737653.541551;-24547418.9603;16532993.7098
E01;2022-2-1 01:03:00;759666.273708;-24591990.7;16465671.1447
E01;2022-2-1 01:03:30;781477.405746;-24636436.0166;16398120.9082
E01;2022-2-1 01:04:00;803087.296484;-24680753.6278;16330343.9349
E01;2022-2-1 01:04:30;824496.312161;-24724942.254;16262341.1622
E01;2022-2-1 01:05:00;845704.826429;-24769000.6181;16194113.5309
E01;2022-2-1 01:05:30;866713.220332;-24812927.4463;16125661.9847
E01;2022-2-1 01:06:00;887521.882294;-24856721.4673;16056987.4706
E01;2022-2-1 01:06:30;908131.208097;-24900381.4129;15988090.9385
E01;2022-2-1 01:07:00;928541.60087;-24943906.0179;15918973.3415
E01;2022-2-1 01:07:30;948753.471072;-24987294.0199;15849635.6356
E01;2022-2-1 01:08:00;968767.236471;-25030544.1597;15780078.7799
E01;2022-2-1 01:08:30;988583.32213;-25073655.1812;15710303.7367
E01;2022-2-1 01:09:00;1008202.16039;-25116625.8314;15640311.4711
E01;2022-2-1 01:09:30;1027624.19085;-25159454.8603;15570102.9512
E01;2022-2-1 08:00:00;23306119.8375;-6117924.90184;-17184246.9474
E01;2022-2-1 08:00:30;23356694.8518;-6107311.45443;-17119187.3059
E01;2022-2-1 08:01:00;23407104.5063;-6096863.63571;-17053890.7315
E01;2022-2-1 08:01:30;23457347.6204;-6086580.81387;-16988358.127
E01;2022-2-1 08:02:00;23507423.0174;-6076462.35043;-16922590.3986
E01;2022-2-1 08:02:30;23557329.5253;-6066507.60029;-16856588.4557
E01;2022-2-1 08:03:00;23607065.9762;-6056715.91178;-16790353.211
E01;2022-2-1 08:03:30;23656631.2067;-6047086.62662;-16723885.5804
E01;2022-2-1 08:04:00;23706024.0579;-6037619.07999;-16657186.4829
E01;2022-2-1 08:04:30;23755243.3753;-6028312.60056;-16590256.8411
E01;2022-2-1 08:05:00;23804288.009;-6019166.5105;-16523097.5803
E01;2022-2-1 08:05:30;23853156.8134;-6010180.12548;-16455709.6294
E01;2022-2-1 08:06:00;23901848.6479;-6001352.75476;-16388093.9201
E01;2022-2-1 08:06:30;23950362.3762;-5992683.70116;-16320251.3876
E01;2022-2-1 08:07:00;23998696.867;-5984172.26113;-16252182.9701
E01;2022-2-1 08:07:30;24046850.9933;-5975817.72471;-16183889.6089
E01;2022-2-1 08:08:00;24094823.6331;-5967619.37566;-16115372.2484
E01;2022-2-1 08:08:30;24142613.6693;-5959576.49137;-16046631.8363
E01;2022-2-1 08:09:00;24190219.9894;-5951688.343;-15977669.3232
E01;2022-2-1 08:09:30;24237641.4858;-5943954.19541;-15908485.6629
E01;2022-2-1 08:00:00;23306119.6895;-6117924.98599;-17184247.0583
E01;2022-2-1 08:00:30;23356694.7049;-6107311.53845;-17119187.4168
E01;2022-2-1 08:01:00;23407104.3606;-6096863.71961;-17053890.8424
E01;2022-2-1 08:01:30;23457347.4757;-6086580.89765;-16988358.2379
E01;2022-2-1 08:02:00;23507422.8738;-6076462.43409;-16922590.5095
E01;2022-2-1 08:02:30;23557329.3827;-6066507.68385;-16856588.5667
E01;2022-2-1 08:03:00;23607065.8347;-6056715.99524;-16790353.322
E01;2022-2-1 08:03:30;23656631.0662;-6047086.70998;-16723885.6914
E01;2022-2-1 08:04:00;23706023.9184;-6037619.16327;-16657186.5941
E01;2022-2-1 08:04:30;23755243.2368;-6028312.68376;-16590256.9523
E01;2022-2-1 08:05:00;23804287.8714;-6019166.59361;-16523097.6915
E01;2022-2-1 08:05:30;23853156.6768;-6010180.20852;-16455709.7406
E01;2022-2-1 08:06:00;23901848.5122;-6001352.83774;-16388094.0314
E01;2022-2-1 08:06:30;23950362.2415;-5992683.78408;-16320251.499
E01;2022-2-1 08:07:00;23998696.7331;-5984172.34399;-16252183.0815
E01;2022-2-1 08:07:30;24046850.8603;-5975817.80753;-16183889.7203
E01;2022-2-1 08:08:00;24094823.501;-5967619.45843;-16115372.3599
E01;2022-2-1 08:08:30;24142613.5381;-5959576.5741;-16046631.9479
E01;2022-2-1 08:09:00;24190219.859;-5951688.4257;-15977669.4348
E01;2022-2-1 08:09:30;24237641.3563;-5943954.27808;-15908485.7745
E01;2022-2-1 09:00:00;27904994.1451;-5800324.51006;-7963314.517
E01;2022-2-1 09:00:30;27928792.1143;-5803450.95965;-7877078.37287
E01;2022-2-1 09:01:00;27952323.3307;-5806628.37924;-7790733.16999
E01;2022-2-1 09:01:30;27975587.3601;-5809855.57182;-7704280.10359
E01;2022-2-1 09:02:00;27998583.7756;-5813131.33799;-7617720.37041
E01;2022-2-1 09:02:30;28021312.1582;-5816454.47612;-7531055.16867
E01;2022-2-1 09:03:00;28043772.0966;-5819823.78229;-7444285.69805
E01;2022-2-1 09:03:30;28065963.1871;-5823238.0504;-7357413.15968
E01;2022-2-1 09:04:00;28087885.0338;-5826696.0722;-7270438.75615
E01;2022-2-1 09:04:30;28109537.2485;-5830196.63731;-7183363.69143
E01;2022-2-1 09:05:00;28130919.4508;-5833738.53331;-7096189.17091
E01;2022-2-1 09:05:30;28152031.2679;-5837320.54574;-7008916.40137
E01;2022-2-1 09:06:00;28172872.335;-5840941.45816;-6921546.59095
E01;2022-2-1 09:06:30;28193442.295;-5844600.05222;-6834080.94914
E01;2022-2-1 09:07:00;28213740.7985;-5848295.10767;-6746520.68675
E01;2022-2-1 09:07:30;28233767.504;-5852025.40242;-6658867.01593
E01;2022-2-1 09:08:00;28253522.0777;-5855789.71259;-6571121.15011
E01;2022-2-1 09:08:30;28273004.1939;-5859586.81255;-6483284.30403
E01;2022-2-1 09:09:00;28292213.5344;-5863415.47497;-6395357.69367
E01;2022-2-1 09:09:30;28311149.7891;-5867274.47083;-6307342.53626
E01;2022-2-1 09:00:00;27904994.1088;-5800324.68064;-7963314.5839
E01;2022-2-1 09:00:30;27928792.0784;-5803451.12956;-7877078.43969
E01;2022-2-1 09:01:00;27952323.2953;-5806628.54849;-7790733.23674
E01;2022-2-1 09:01:30;27975587.3251;-5809855.7404;-7704280.17027
E01;2022-2-1 09:02:00;27998583.741;-5813131.50591;-7617720.43703
E01;2022-2-1 09:02:30;28021312.1241;-5816454.64338;-7531055.23522
E01;2022-2-1 09:03:00;28043772.0629;-5819823.94889;-7444285.76454
E01;2022-2-1 09:03:30;28065963.1538;-5823238.21635;-7357413.22612
E01;2022-2-1 09:04:00;28087885.0009;-5826696.23749;-7270438.82254
E01;2022-2-1 09:04:30;28109537.216;-5830196.80196;-7183363.75777
E01;2022-2-1 09:05:00;28130919.4187;-5833738.69731;-7096189.23722
E01;2022-2-1 09:05:30;28152031.2363;-5837320.70909;-7008916.46765
E01;2022-2-1 09:06:00;28172872.3038;-5840941.62088;-6921546.65719
E01;2022-2-1 09:06:30;28193442.2642;-5844600.2143;-6834081.01535
E01;2022-2-1 09:07:00;28213740.7681;-5848295.26911;-6746520.75294
E01;2022-2-1 09:07:30;28233767.474;-5852025.56324;-6658867.0821
E01;2022-2-1 09:08:00;28253522.0481;-5855789.87278;-6571121.21627
E01;2022-2-1 09:08:30;28273004.1647;-5859586.97211;-6483284.37017
E01;2022-2-1 09:09:00;28292213.5056;-5863415.6339;-6395357.7598
E01;2022-2-1 09:09:30;28311149.7607;-5867274.62915;-6307342.60239
E01;2022-2-1 09:00:00;27904994.0277;-5800324.81397;-7963314.82503
E01;2022-2-1 09:00:30;27928791.9982;-5803451.26183;-7877078.67986
E01;2022-2-1 09:01:00;27952323.216;-5806628.67973;-7790733.47598
E01;2022-2-1 09:01:30;27975587.2467;-5809855.87062;-7704280.40861
E01;2022-2-1 09:02:00;27998583.6635;-5813131.63514;-7617720.67448
E01;2022-2-1 09:02:30;28021312.0475;-5816454.77162;-7531055.47182
E01;2022-2-1 09:03:00;28043771.9872;-5819824.07617;-7444286.00032
E01;2022-2-1 09:03:30;28065963.079;-5823238.34268;-7357413.4611
E01;2022-2-1 09:04:00;28087884.927;-5826696.3629;-7270439.05675
E01;2022-2-1 09:04:30;28109537.143;-5830196.92646;-7183363.99124
E01;2022-2-1 09:05:00;28130919.3465;-5833738.82091;-7096189.46996
E01;2022-2-1 09:05:30;28152031.1649;-5837320.83182;-7008916.6997
E01;2022-2-1 09:06:00;28172872.2333;-5840941.74275;-6921546.88858
E01;2022-2-1 09:06:30;28193442.1945;-5844600.33533;-6834081.24609
E01;2022-2-1 09:07:00;28213740.6993;-5848295.38932;-6746520.98306
E01;2022-2-1 09:07:30;28233767.406;-5852025.68264;-6658867.31163
E01;2022-2-1 09:08:00;28253521.9809;-5855789.9914;-6571121.44523
E01;2022-2-1 09:08:30;28273004.0983;-5859587.08996;-6483284.59859
E01;2022-2-1 09:09:00;28292213.44;-5863415.751;-6395357.9877
E01;2022-2-1 09:09:30;28311149.6959;-5867274.74552;-6307342.8298
E01;2022-2-1 09:00:00;27904993.9565;-5800324.91415;-7963314.95582
E01;2022-2-1 09:00:30;27928791.9273;-5803451.36131;-7877078.80943
E01;2022-2-1 09:01:00;27952323.1454;-5806628.77852;-7790733.60435
E01;2022-2-1 09:01:30;27975587.1764;-5809855.96872;-7704280.53579
E01;2022-2-1 09:02:00;27998583.5935;-5813131.73256;-7617720.8005
E01;2022-2-1 09:02:30;28021311.9778;-5816454.86837;-7531055.59671
E01;2022-2-1 09:03:00;28043771.9178;-5819824.17226;-7444286.12408
E01;2022-2-1 09:03:30;28065963.0099;-5823238.43812;-7357413.58376
E01;2022-2-1 09:04:00;28087884.8582;-5826696.45769;-7270439.17832
E01;2022-2-1 09:04:30;28109537.0744;-5830197.02061;-7183364.11175
E01;2022-2-1 09:05:00;28130919.2783;-5833738.91445;-7096189.58943
E01;2022-2-1 09:05:30;28152031.097;-5837320.92474;-7008916.81813
E01;2022-2-1 09:06:00;28172872.1657;-5840941.83505;-6921547.006
E01;2022-2-1 09:06:30;28193442.1272;-5844600.42704;-6834081.36253
E01;2022-2-1 09:07:00;28213740.6322;-5848295.48044;-6746521.09853
E01;2022-2-1 09:07:30;28233767.3392;-5852025.77318;-6658867.42615
E01;2022-2-1 09:08:00;28253521.9145;-5855790.08136;-6571121.55882
E01;2022-2-1 09:08:30;28273004.0322;-5859587.17936;-6483284.71127
E01;2022-2-1 09:09:00;28292213.3742;-5863415.83985;-6395358.09948
E01;2022-2-1 09:09:30;28311149.6304;-5867274.83382;-6307342.9407
E01;2022-2-1 10:00:00;28798808.1812;-6192753.52869;2818934.26214
E01;2022-2-1 10:00:30;28789711.0838;-6193169.00247;2909441.66475
E01;2022-2-1 10:01:00;28780351.5588;-6193487.98772;2999908.77649
E01;2022-2-1 10:01:30;28770730.1156;-6193709.33444;3090334.34463
E01;2022-2-1 10:02:00;28760847.2709;-6193831.89578;3180717.11698
E01;2022-2-1 10:02:30;28750703.5491;-6193854.52808;3271055.84196
E01;2022-2-1 10:03:00;28740299.4816;-6193776.09087;3361349.26859
E01;2022-2-1 10:03:30;28729635.6073;-6193595.44695;3451596.14653
E01;2022-2-1 10:04:00;28718712.4724;-6193311.46243;3541795.22607
E01;2022-2-1 10:04:30;28707530.6306;-6192923.00674;3631945.25816
E01;2022-2-1 10:05:00;28696090.6425;-6192428.95271;3722044.99446
E01;2022-2-1 10:05:30;28684393.0763;-6191828.17662;3812093.1873
E01;2022-2-1 10:06:00;28672438.5073;-6191119.55817;3902088.58972
E01;2022-2-1 10:06:30;28660227.5181;-6190301.98062;3992029.95551
E01;2022-2-1 10:07:00;28647760.6986;-6189374.33076;4081916.0392
E01;2022-2-1 10:07:30;28635038.6455;-6188335.49898;4171745.5961
E01;2022-2-1 10:08:00;28622061.9632;-6187184.37929;4261517.38228
E01;2022-2-1 10:08:30;28608831.2628;-6185919.86941;4351230.15463
E01;2022-2-1 10:09:00;28595347.1628;-6184540.87076;4440882.67084
E01;2022-2-1 10:09:30;28581610.2887;-6183046.28852;4530473.68946
E01;2022-2-1 10:00:00;28798808.1531;-6192753.74205;2818934.15215
E01;2022-2-1 10:00:30;28789711.0559;-6193169.21557;2909441.55568
E01;2022-2-1 10:01:00;28780351.5312;-6193488.20055;2999908.66834
E01;2022-2-1 10:01:30;28770730.0882;-6193709.54702;3090334.23738
E01;2022-2-1 10:02:00;28760847.2439;-6193832.10813;3180717.01062
E01;2022-2-1 10:02:30;28750703.5223;-6193854.74019;3271055.73647
E01;2022-2-1 10:03:00;28740299.4551;-6193776.30276;3361349.16396
E01;2022-2-1 10:03:30;28729635.581;-6193595.65863;3451596.04274
E01;2022-2-1 10:04:00;28718712.4465;-6193311.6739;3541795.1231
E01;2022-2-1 10:04:30;28707530.6048;-6192923.21802;3631945.15602
E01;2022-2-1 10:05:00;28696090.617;-6192429.16381;3722044.89311
E01;2022-2-1 10:05:30;28684393.0511;-6191828.38753;3812093.08674
E01;2022-2-1 10:06:00;28672438.4824;-6191119.76892;3902088.48993
E01;2022-2-1 10:06:30;28660227.4935;-6190302.19121;3992029.85649
E01;2022-2-1 10:07:00;28647760.6742;-6189374.5412;4081915.94093
E01;2022-2-1 10:07:30;28635038.6215;-6188335.70927;4171745.49856
E01;2022-2-1 10:08:00;28622061.9394;-6187184.58946;4261517.28546
E01;2022-2-1 10:08:30;28608831.2394;-6185920.07946;4351230.05851
E01;2022-2-1 10:09:00;28595347.1396;-6184541.08069;4440882.57542
E01;2022-2-1 10:09:30;28581610.2658;-6183046.49834;4530473.59473
E01;2022-2-1 10:00:00;28798808.1604;-6192753.9888;2818933.77688
E01;2022-2-1 10:00:30;28789711.0635;-6193169.46173;2909441.18254
E01;2022-2-1 10:01:00;28780351.5391;-6193488.44615;2999908.29731
E01;2022-2-1 10:01:30;28770730.0964;-6193709.79207;3090333.86842
E01;2022-2-1 10:02:00;28760847.2524;-6193832.35265;3180716.6437
E01;2022-2-1 10:02:30;28750703.5312;-6193854.98422;3271055.37156
E01;2022-2-1 10:03:00;28740299.4643;-6193776.54631;3361348.80103
E01;2022-2-1 10:03:30;28729635.5907;-6193595.90172;3451595.68175
E01;2022-2-1 10:04:00;28718712.4565;-6193311.91656;3541794.76404
E01;2022-2-1 10:04:30;28707530.6153;-6192923.46026;3631944.79884
E01;2022-2-1 10:05:00;28696090.6279;-6192429.40566;3722044.53779
E01;2022-2-1 10:05:30;28684393.0624;-6191828.62902;3812092.73324
E01;2022-2-1 10:06:00;28672438.4942;-6191120.01007;3902088.13824
E01;2022-2-1 10:06:30;28660227.5057;-6190302.43204;3992029.50656
E01;2022-2-1 10:07:00;28647760.6869;-6189374.78173;4081915.59275
E01;2022-2-1 10:07:30;28635038.6347;-6188335.94953;4171745.15209
E01;2022-2-1 10:08:00;28622061.9531;-6187184.82946;4261516.94068
E01;2022-2-1 10:08:30;28608831.2535;-6185920.31923;4351229.71539
E01;2022-2-1 10:09:00;28595347.1544;-6184541.32025;4440882.23393
E01;2022-2-1 10:09:30;28581610.2811;-6183046.73772;4530473.25484
E01;2022-2-1 10:00:00;28798808.1915;-6192754.10831;2818933.61382
E01;2022-2-1 10:00:30;28789711.0942;-6193169.58005;2909441.02095
E01;2022-2-1 10:01:00;28780351.5693;-6193488.56329;2999908.13716
E01;2022-2-1 10:01:30;28770730.1262;-6193709.90805;3090333.7097
E01;2022-2-1 10:02:00;28760847.2818;-6193832.46748;3180716.48638
E01;2022-2-1 10:02:30;28750703.5602;-6193855.0979;3271055.21562
E01;2022-2-1 10:03:00;28740299.4929;-6193776.65886;3361348.64645
E01;2022-2-1 10:03:30;28729635.6189;-6193596.01315;3451595.52852
E01;2022-2-1 10:04:00;28718712.4843;-6193312.02687;3541794.61212
E01;2022-2-1 10:04:30;28707530.6428;-6192923.56947;3631944.64823
E01;2022-2-1 10:05:00;28696090.655;-6192429.51378;3722044.38847
E01;2022-2-1 10:05:30;28684393.0892;-6191828.73606;3812092.58518
E01;2022-2-1 10:06:00;28672438.5206;-6191120.11604;3902087.99142
E01;2022-2-1 10:06:30;28660227.5319;-6190302.53696;3992029.36097
E01;2022-2-1 10:07:00;28647760.7128;-6189374.8856;4081915.44836
E01;2022-2-1 10:07:30;28635038.6602;-6188336.05237;4171745.00889
E01;2022-2-1 10:08:00;28622061.9784;-6187184.93128;4261516.79864
E01;2022-2-1 10:08:30;28608831.2786;-6185920.42004;4351229.5745
E01;2022-2-1 10:09:00;28595347.1791;-6184541.42007;4440882.09417
E01;2022-2-1 10:09:30;28581610.3056;-6183046.83655;4530473.11619
E01;2022-2-1 10:00:00;28798808.1966;-6192754.32095;2818933.35984
E01;2022-2-1 10:00:30;28789711.0986;-6193169.79184;2909440.76909
E01;2022-2-1 10:01:00;28780351.5731;-6193488.77422;2999907.8874
E01;2022-2-1 10:01:30;28770730.1295;-6193710.11813;3090333.46201
E01;2022-2-1 10:02:00;28760847.2845;-6193832.67671;3180716.24075
E01;2022-2-1 10:02:30;28750703.5623;-6193855.30628;3271054.97203
E01;2022-2-1 10:03:00;28740299.4945;-6193776.8664;3361348.40488
E01;2022-2-1 10:03:30;28729635.6199;-6193596.21985;3451595.28894
E01;2022-2-1 10:04:00;28718712.4848;-6193312.23274;3541794.37453
E01;2022-2-1 10:04:30;28707530.6427;-6192923.77451;3631944.41259
E01;2022-2-1 10:05:00;28696090.6545;-6192429.718;3722044.15476
E01;2022-2-1 10:05:30;28684393.0882;-6191828.93947;3812092.3534
E01;2022-2-1 10:06:00;28672438.5191;-6191120.31863;3902087.76153
E01;2022-2-1 10:06:30;28660227.5299;-6190302.73874;3992029.13296
E01;2022-2-1 10:07:00;28647760.7103;-6189375.08658;4081915.22221
E01;2022-2-1 10:07:30;28635038.6574;-6188336.25255;4171744.78458
E01;2022-2-1 10:08:00;28622061.9751;-6187185.13067;4261516.57616
E01;2022-2-1 10:08:30;28608831.2748;-6185920.61864;4351229.35382
E01;2022-2-1 10:09:00;28595347.175;-6184541.61789;4440881.87528
E01;2022-2-1 10:09:30;28581610.301;-6183047.03359;4530472.89906
E01;2022-2-1 11:00:00;26032901.8313;-5264101.46003;13048321.5696
E01;2022-2-1 11:00:30;25997832.6159;-5245931.70958;13125351.544
E01;2022-2-1 11:01:00;25962607.8459;-5227560.65929;13202199.78
E01;2022-2-1 11:01:30;25927228.7228;-5208987.79776;13278865.214
E01;2022-2-1 11:02:00;25891696.4518;-5190212.62067;13355346.7848
E01;2022-2-1 11:02:30;25856012.2417;-5171234.63082;13431643.4337
E01;2022-2-1 11:03:00;25820177.3049;-5152053.33814;13507754.1046
E01;2022-2-1 11:03:30;25784192.8571;-5132668.25971;13583677.7441
E01;2022-2-1 11:04:00;25748060.1176;-5113078.91978;13659413.3013
E01;2022-2-1 11:04:30;25711780.309;-5093284.8498;13734959.7278
E01;2022-2-1 11:05:00;25675354.6575;-5073285.58844;13810315.978
E01;2022-2-1 11:05:30;25638784.3924;-5053080.68158;13885481.0089
E01;2022-2-1 11:06:00;25602070.7463;-5032669.68236;13960453.7802
E01;2022-2-1 11:06:30;25565214.9553;-5012052.15119;14035233.2541
E01;2022-2-1 11:07:00;25528218.2582;-4991227.65575;14109818.3956
E01;2022-2-1 11:07:30;25491081.8975;-4970195.77104;14184208.1724
E01;2022-2-1 11:08:00;25453807.1185;-4948956.07938;14258401.555
E01;2022-2-1 11:08:30;25416395.1695;-4927508.17042;14332397.5163
E01;2022-2-1 11:09:00;25378847.3021;-4905851.64115;14406195.0324
E01;2022-2-1 11:09:30;25341164.7707;-4883986.09597;14479793.0817
E01;2022-2-1 11:00:00;26032901.8743;-5264101.5757;13048321.5259
E01;2022-2-1 11:00:30;25997832.659;-5245931.82534;13125351.5006
E01;2022-2-1 11:01:00;25962607.889;-5227560.77517;13202199.737
E01;2022-2-1 11:01:30;25927228.7659;-5208987.91377;13278865.1714
E01;2022-2-1 11:02:00;25891696.495;-5190212.73683;13355346.7424
E01;2022-2-1 11:02:30;25856012.285;-5171234.74713;13431643.3916
E01;2022-2-1 11:03:00;25820177.3482;-5152053.45462;13507754.0629
E01;2022-2-1 11:03:30;25784192.9005;-5132668.37637;13583677.7026
E01;2022-2-1 11:04:00;25748060.161;-5113079.03663;13659413.2601
E01;2022-2-1 11:04:30;25711780.3526;-5093284.96687;13734959.6869
E01;2022-2-1 11:05:00;25675354.7011;-5073285.70573;13810315.9374
E01;2022-2-1 11:05:30;25638784.4361;-5053080.7991;13885480.9686
E01;2022-2-1 11:06:00;25602070.7902;-5032669.80013;13960453.7401
E01;2022-2-1 11:06:30;25565214.9992;-5012052.26922;14035233.2142
E01;2022-2-1 11:07:00;25528218.3022;-4991227.77406;14109818.356
E01;2022-2-1 11:07:30;25491081.9416;-4970195.88964;14184208.1331
E01;2022-2-1 11:08:00;25453807.1627;-4948956.19829;14258401.5158
E01;2022-2-1 11:08:30;25416395.2139;-4927508.28963;14332397.4774
E01;2022-2-1 11:09:00;25378847.3466;-4905851.7607;14406194.9937
E01;2022-2-1 11:09:30;25341164.8154;-4883986.21585;14479793.0433
E01;2022-2-1 12:00:00;21072787.3442;-1564020.97731;20719074.6426
E01;2022-2-1 12:00:30;21028285.5898;-1520153.14635;20767526.9466
E01;2022-2-1 12:01:00;20983785.8336;-1476076.84778;20815691.783
E01;2022-2-1 12:01:30;20939289.3907;-1431792.49236;20863568.4861
E01;2022-2-1 12:02:00;20894797.5743;-1387300.49849;20911156.3939
E01;2022-2-1 12:02:30;20850311.6954;-1342601.29221;20958454.8487
E01;2022-2-1 12:03:00;20805833.0635;-1297695.30712;21005463.1967
E01;2022-2-1 12:03:30;20761362.9859;-1252582.98445;21052180.7881
E01;2022-2-1 12:04:00;20716902.7679;-1207264.773;21098606.977
E01;2022-2-1 12:04:30;20672453.7126;-1161741.12912;21144741.1219
E01;2022-2-1 12:05:00;20628017.1212;-1116012.51674;21190582.5849
E01;2022-2-1 12:05:30;20583594.2927;-1070079.40732;21236130.7325
E01;2022-2-1 12:06:00;20539186.5238;-1023942.27983;21281384.9351
E01;2022-2-1 12:06:30;20494795.1089;-977601.62078;21326344.5673
E01;2022-2-1 12:07:00;20450421.3403;-931057.924154;21371009.0077
E01;2022-2-1 12:07:30;20406066.5078;-884311.691432;21415377.6389
E01;2022-2-1 12:08:00;20361731.899;-837363.431556;21459449.8477
E01;2022-2-1 12:08:30;20317418.7987;-790213.660923;21503225.0251
E01;2022-2-1 12:09:00;20273128.4897;-742862.903369;21546702.566
E01;2022-2-1 12:09:30;20228862.252;-695311.690147;21589881.8697
E01;2022-2-1 12:00:00;21072787.4346;-1564021.14759;20719074.5311
E01;2022-2-1 12:00:30;21028285.6806;-1520153.31626;20767526.8357
E01;2022-2-1 12:01:00;20983785.9248;-1476077.01732;20815691.6728
E01;2022-2-1 12:01:30;20939289.4824;-1431792.66153;20863568.3764
E01;2022-2-1 12:02:00;20894797.6663;-1387300.66731;20911156.2849
E01;2022-2-1 12:02:30;20850311.7878;-1342601.46068;20958454.7403
E01;2022-2-1 12:03:00;20805833.1563;-1297695.47524;21005463.0889
E01;2022-2-1 12:03:30;20761363.0791;-1252583.15224;21052180.6809
E01;2022-2-1 12:04:00;20716902.8614;-1207264.94045;21098606.8704
E01;2022-2-1 12:04:30;20672453.8065;-1161741.29625;21144741.0158
E01;2022-2-1 12:05:00;20628017.2156;-1116012.68356;21190582.4794
E01;2022-2-1 12:05:30;20583594.3874;-1070079.57382;21236130.6276
E01;2022-2-1 12:06:00;20539186.6189;-1023942.44603;21281384.8308
E01;2022-2-1 12:06:30;20494795.2044;-977601.78668;21326344.4636
E01;2022-2-1 12:07:00;20450421.4362;-931058.089762;21371008.9045
E01;2022-2-1 12:07:30;20406066.6041;-884311.856753;21415377.5362
E01;2022-2-1 12:08:00;20361731.9956;-837363.596598;21459449.7456
E01;2022-2-1 12:08:30;20317418.8957;-790213.825692;21503224.9235
E01;2022-2-1 12:09:00;20273128.5871;-742863.06787;21546702.465
E01;2022-2-1 12:09:30;20228862.3497;-695311.854388;21589881.7692
E01;2022-2-1 12:00:00;21072787.5046;-1564021.26247;20719074.4322
E01;2022-2-1 12:00:30;21028285.7507;-1520153.4307;20767526.7378
E01;2022-2-1 12:01:00;20983785.9952;-1476077.13132;20815691.5758
E01;2022-2-1 12:01:30;20939289.5529;-1431792.77511;20863568.2804
E01;2022-2-1 12:02:00;20894797.737;-1387300.78047;20911156.1898
E01;2022-2-1 12:02:30;20850311.8587;-1342601.57342;20958454.6462
E01;2022-2-1 12:03:00;20805833.2274;-1297695.58759;21005462.9957
E01;2022-2-1 12:03:30;20761363.1503;-1252583.26419;21052180.5886
E01;2022-2-1 12:04:00;20716902.9328;-1207265.05202;21098606.779
E01;2022-2-1 12:04:30;20672453.8781;-1161741.40744;21144740.9253
E01;2022-2-1 12:05:00;20628017.2873;-1116012.79438;21190582.3899
E01;2022-2-1 12:05:30;20583594.4593;-1070079.68428;21236130.5389
E01;2022-2-1 12:06:00;20539186.6908;-1023942.55614;21281384.743
E01;2022-2-1 12:06:30;20494795.2765;-977601.896449;21326344.3767
E01;2022-2-1 12:07:00;20450421.5084;-931058.199197;21371008.8184
E01;2022-2-1 12:07:30;20406066.6765;-884311.965863;21415377.4511
E01;2022-2-1 12:08:00;20361732.0681;-837363.705389;21459449.6613
E01;2022-2-1 12:08:30;20317418.9684;-790213.934174;21503224.8401
E01;2022-2-1 12:09:00;20273128.6598;-742863.176051;21546702.3824
E01;2022-2-1 12:09:30;20228862.4226;-695311.962275;21589881.6874
E01;2022-2-1 13:00:00;16092700.1335;5013771.47077;24328179.6924
E01;2022-2-1 13:00:30;16056955.8005;5077727.16861;24338567.4705
E01;2022-2-1 13:01:00;16021346.2358;5141793.01471;24348618.4816
E01;2022-2-1 13:01:30;15985872.2417;5205967.83816;24358332.5878
E01;2022-2-1 13:02:00;15950534.6143;5270250.46358;24367709.6557
E01;2022-2-1 13:02:30;15915334.1431;5334639.71118;24376749.5566
E01;2022-2-1 13:03:00;15880271.6111;5399134.39671;24385452.1667
E01;2022-2-1 13:03:30;15845347.7951;5463733.33163;24393817.3666
E01;2022-2-1 13:04:00;15810563.4652;5528435.32301;24401845.0417
E01;2022-2-1 13:04:30;15775919.3853;5593239.17369;24409535.082
E01;2022-2-1 13:05:00;15741416.3124;5658143.68225;24416887.3822
E01;2022-2-1 13:05:30;15707054.9973;5723147.64305;24423901.8416
E01;2022-2-1 13:06:00;15672836.1841;5788249.8463;24430578.3645
E01;2022-2-1 13:06:30;15638760.6102;5853449.0781;24436916.8594
E01;2022-2-1 13:07:00;15604829.0065;5918744.12044;24442917.2398
E01;2022-2-1 13:07:30;15571042.0972;5984133.75127;24448579.4237
E01;2022-2-1 13:08:00;15537400.6;6049616.74456;24453903.334
E01;2022-2-1 13:08:30;15503905.2255;6115191.87028;24458888.898
E01;2022-2-1 13:09:00;15470556.6781;6180857.89451;24463536.0479
E01;2022-2-1 13:09:30;15437355.6551;6246613.57942;24467844.7205
E01;2022-2-1 13:00:00;16092700.151;5013771.35216;24328179.6822
E01;2022-2-1 13:00:30;16056955.8174;5077727.05;24338567.4611
E01;2022-2-1 13:01:00;16021346.2523;5141792.89609;24348618.473
E01;2022-2-1 13:01:30;15985872.2579;5205967.71953;24358332.5799
E01;2022-2-1 13:02:00;15950534.63;5270250.34495;24367709.6486
E01;2022-2-1 13:02:30;15915334.1583;5334639.59252;24376749.5503
E01;2022-2-1 13:03:00;15880271.6259;5399134.27803;24385452.1612
E01;2022-2-1 13:03:30;15845347.8095;5463733.21291;24393817.3619
E01;2022-2-1 13:04:00;15810563.4792;5528435.20426;24401845.0377
E01;2022-2-1 13:04:30;15775919.3989;5593239.0549;24409535.0788
E01;2022-2-1 13:05:00;15741416.3256;5658143.56341;24416887.3798
E01;2022-2-1 13:05:30;15707055.0101;5723147.52416;24423901.8401
E01;2022-2-1 13:06:00;15672836.1965;5788249.72736;24430578.3637
E01;2022-2-1 13:06:30;15638760.6222;5853448.9591;24436916.8594
E01;2022-2-1 13:07:00;15604829.0181;5918744.00138;24442917.2405
E01;2022-2-1 13:07:30;15571042.1084;5984133.63215;24448579.4252
E01;2022-2-1 13:08:00;15537400.6107;6049616.62536;24453903.3363
E01;2022-2-1 13:08:30;15503905.2359;6115191.75101;24458888.9011
E01;2022-2-1 13:09:00;15470556.6881;6180857.77515;24463536.0518
E01;2022-2-1 13:09:30;15437355.6647;6246613.45998;24467844.7252
E01;2022-2-1 13:00:00;16092700.2568;5013771.08441;24328179.6432
E01;2022-2-1 13:00:30;16056955.9224;5077726.78366;24338567.4232
E01;2022-2-1 13:01:00;16021346.3563;5141792.63113;24348618.4362
E01;2022-2-1 13:01:30;15985872.3609;5205967.45593;24358332.5443
E01;2022-2-1 13:02:00;15950534.7322;5270250.08267;24367709.614
E01;2022-2-1 13:02:30;15915334.2597;5334639.33155;24376749.5169
E01;2022-2-1 13:03:00;15880271.7264;5399134.01834;24385452.1288
E01;2022-2-1 13:03:30;15845347.9091;5463732.95448;24393817.3306
E01;2022-2-1 13:04:00;15810563.578;5528434.94706;24401845.0075
E01;2022-2-1 13:04:30;15775919.4968;5593238.79891;24409535.0497
E01;2022-2-1 13:05:00;15741416.4227;5658143.30861;24416887.3517
E01;2022-2-1 13:05:30;15707055.1064;5723147.27051;24423901.813
E01;2022-2-1 13:06:00;15672836.292;5788249.47485;24430578.3377
E01;2022-2-1 13:06:30;15638760.7169;5853448.7077;24436916.8344
E01;2022-2-1 13:07:00;15604829.112;5918743.75106;24442917.2167
E01;2022-2-1 13:07:30;15571042.2016;5984133.38289;24448579.4024
E01;2022-2-1 13:08:00;15537400.7032;6049616.37715;24453903.3145
E01;2022-2-1 13:08:30;15503905.3277;6115191.50381;24458888.8803
E01;2022-2-1 13:09:00;15470556.7791;6180857.52895;24463536.0321
E01;2022-2-1 13:09:30;15437355.755;6246613.21475;24467844.7065
E01;2022-2-1 13:00:00;16092700.3941;5013770.89147;24328179.5987
E01;2022-2-1 13:00:30;16056956.0587;5077726.59205;24338567.3792
E01;2022-2-1 13:01:00;16021346.4917;5141792.44084;24348618.3927
E01;2022-2-1 13:01:30;15985872.4954;5205967.26693;24358332.5012
E01;2022-2-1 13:02:00;15950534.8658;5270249.89496;24367709.5714
E01;2022-2-1 13:02:30;15915334.3923;5334639.1451;24376749.4747
E01;2022-2-1 13:03:00;15880271.8582;5399133.83314;24385452.0871
E01;2022-2-1 13:03:30;15845348.04;5463732.77051;24393817.2893
E01;2022-2-1 13:04:00;15810563.708;5528434.7643;24401844.9667
E01;2022-2-1 13:04:30;15775919.6259;5593238.61734;24409535.0093
E01;2022-2-1 13:05:00;15741416.551;5658143.12821;24416887.3118
E01;2022-2-1 13:05:30;15707055.2339;5723147.09128;24423901.7736
E01;2022-2-1 13:06:00;15672836.4186;5788249.29676;24430578.2987
E01;2022-2-1 13:06:30;15638760.8427;5853448.53074;24436916.7959
E01;2022-2-1 13:07:00;15604829.237;5918743.57521;24442917.1786
E01;2022-2-1 13:07:30;15571042.3258;5984133.20813;24448579.3648
E01;2022-2-1 13:08:00;15537400.8265;6049616.20346;24453903.2773
E01;2022-2-1 13:08:30;15503905.4502;6115191.33118;24458888.8436
E01;2022-2-1 13:09:00;15470556.9009;6180857.35737;24463535.9958
E01;2022-2-1 13:09:30;15437355.876;6246613.04419;24467844.6707
E01;2022-2-1 13:00:00;16092700.5131;5013770.6672;24328179.6048
E01;2022-2-1 13:00:30;16056956.1762;5077726.37009;24338567.3852
E01;2022-2-1 13:01:00;16021346.6077;5141792.22117;24348618.3986
E01;2022-2-1 13:01:30;15985872.61;5205967.04954;24358332.5071
E01;2022-2-1 13:02:00;15950534.9789;5270249.67981;24367709.5772
E01;2022-2-1 13:02:30;15915334.504;5334638.93217;24376749.4804
E01;2022-2-1 13:03:00;15880271.9684;5399133.62241;24385452.0928
E01;2022-2-1 13:03:30;15845348.1488;5463732.56196;24393817.2949
E01;2022-2-1 13:04:00;15810563.8154;5528434.55791;24401844.9722
E01;2022-2-1 13:04:30;15775919.732;5593238.41309;24409535.0147
E01;2022-2-1 13:05:00;15741416.6557;5658142.92607;24416887.3172
E01;2022-2-1 13:05:30;15707055.3372;5723146.89123;24423901.7789
E01;2022-2-1 13:06:00;15672836.5206;5788249.09877;24430578.3039
E01;2022-2-1 13:06:30;15638760.9434;5853448.33479;24436916.801
E01;2022-2-1 13:07:00;15604829.3364;5918743.38128;24442917.1836
E01;2022-2-1 13:07:30;15571042.4239;5984133.01621;24448579.3697
E01;2022-2-1 13:08:00;15537400.9234;6049616.01351;24453903.2821
E01;2022-2-1 13:08:30;15503905.5458;6115191.14319;24458888.8483
E01;2022-2-1 13:09:00;15470556.9953;6180857.1713;24463536.0004
E01;2022-2-1 13:09:30;15437355.9692;6246612.86003;24467844.6752
E01;2022-2-1 14:00:00;12934462.166;13117134.1735;23169850.4746
E01;2022-2-1 14:00:30;12918658.2346;13185031.3418;23140152.7384
E01;2022-2-1 14:01:00;12903034.4262;13252878.0193;23110134.9359
E01;2022-2-1 14:01:30;12887590.6587;13320672.8051;23079797.4832
E01;2022-2-1 14:02:00;12872326.842;13388414.299;23049140.8007
E01;2022-2-1 14:02:30;12857242.8785;13456101.1018;23018165.3135
E01;2022-2-1 14:03:00;12842338.6627;13523731.8152;22986871.4507
E01;2022-2-1 14:03:30;12827614.0813;13591305.0419;22955259.6463
E01;2022-2-1 14:04:00;12813069.0135;13658819.3855;22923330.3381
E01;2022-2-1 14:04:30;12798703.3305;13726273.451;22891083.9688
E01;2022-2-1 14:05:00;12784516.896;13793665.8443;22858520.9853
E01;2022-2-1 14:05:30;12770509.5657;13860995.1724;22825641.8387
E01;2022-2-1 14:06:00;12756681.188;13928260.0437;22792446.9848
E01;2022-2-1 14:06:30;12743031.6031;13995459.0678;22758936.8834
E01;2022-2-1 14:07:00;12729560.644;14062590.8557;22725111.999
E01;2022-2-1 14:07:30;12716268.1356;14129654.0196;22690972.8003
E01;2022-2-1 14:08:00;12703153.8953;14196647.1732;22656519.7602
E01;2022-2-1 14:08:30;12690217.7328;14263568.9317;22621753.3561
E01;2022-2-1 14:09:00;12677459.4502;14330417.9116;22586674.0698
E01;2022-2-1 14:09:30;12664878.8418;14397192.7312;22551282.3872
E01;2022-2-1 14:00:00;12934462.2027;13117134.0892;23169850.4539
E01;2022-2-1 14:00:30;12918658.2708;13185031.2582;23140152.7176
E01;2022-2-1 14:01:00;12903034.4621;13252877.9363;23110134.9149
E01;2022-2-1 14:01:30;12887590.6942;13320672.7228;23079797.462
E01;2022-2-1 14:02:00;12872326.8771;13388414.2173;23049140.7795
E01;2022-2-1 14:02:30;12857242.9132;13456101.0206;23018165.2921
E01;2022-2-1 14:03:00;12842338.6971;13523731.7346;22986871.4292
E01;2022-2-1 14:03:30;12827614.1154;13591304.9618;22955259.6247
E01;2022-2-1 14:04:00;12813069.0472;13658819.306;22923330.3164
E01;2022-2-1 14:04:30;12798703.3639;13726273.372;22891083.9471
E01;2022-2-1 14:05:00;12784516.9291;13793665.7657;22858520.9634
E01;2022-2-1 14:05:30;12770509.5985;13860995.0943;22825641.8168
E01;2022-2-1 14:06:00;12756681.2205;13928259.9661;22792446.9628
E01;2022-2-1 14:06:30;12743031.6354;13995458.9907;22758936.8614
E01;2022-2-1 14:07:00;12729560.676;14062590.779;22725111.9769
E01;2022-2-1 14:07:30;12716268.1674;14129653.9433;22690972.7781
E01;2022-2-1 14:08:00;12703153.9268;14196647.0973;22656519.738
E01;2022-2-1 14:08:30;12690217.7642;14263568.8561;22621753.3339
E01;2022-2-1 14:09:00;12677459.4814;14330417.8364;22586674.0475
E01;2022-2-1 14:09:30;12664878.8728;14397192.6563;22551282.365
E01;2022-2-1 14:00:00;12934462.323;13117133.7569;23169850.5525
E01;2022-2-1 14:00:30;12918658.3889;13185030.9292;23140152.8155
E01;2022-2-1 14:01:00;12903034.578;13252877.6106;23110135.0122
E01;2022-2-1 14:01:30;12887590.8079;13320672.4001;23079797.5587
E01;2022-2-1 14:02:00;12872326.9887;13388413.8978;23049140.8755
E01;2022-2-1 14:02:30;12857243.0228;13456100.7043;23018165.3876
E01;2022-2-1 14:03:00;12842338.8046;13523731.4212;22986871.5242
E01;2022-2-1 14:03:30;12827614.2209;13591304.6514;22955259.7191
E01;2022-2-1 14:04:00;12813069.1508;13658818.9986;22923330.4104
E01;2022-2-1 14:04:30;12798703.4656;13726273.0675;22891084.0405
E01;2022-2-1 14:05:00;12784517.0289;13793665.4641;22858521.0564
E01;2022-2-1 14:05:30;12770509.6966;13860994.7955;22825641.9094
E01;2022-2-1 14:06:00;12756681.3167;13928259.67;22792447.055
E01;2022-2-1 14:06:30;12743031.7299;13995458.6973;22758936.9532
E01;2022-2-1 14:07:00;12729560.7688;14062590.4883;22725112.0684
E01;2022-2-1 14:07:30;12716268.2585;14129653.6553;22690972.8692
E01;2022-2-1 14:08:00;12703154.0164;14196646.8118;22656519.8288
E01;2022-2-1 14:08:30;12690217.8521;14263568.5732;22621753.4244
E01;2022-2-1 14:09:00;12677459.5678;14330417.556;22586674.1378
E01;2022-2-1 14:09:30;12664878.9577;14397192.3784;22551282.455
E01;2022-2-1 14:00:00;12934462.4261;13117133.5716;23169850.6501
E01;2022-2-1 14:00:30;12918658.4903;13185030.746;23140152.9117
E01;2022-2-1 14:01:00;12903034.6777;13252877.4296;23110135.1071
E01;2022-2-1 14:01:30;12887590.906;13320672.2213;23079797.6523
E01;2022-2-1 14:02:00;12872327.0852;13388413.7211;23049140.9679
E01;2022-2-1 14:02:30;12857243.1177;13456100.5297;23018165.4787
E01;2022-2-1 14:03:00;12842338.8979;13523731.2488;22986871.6141
E01;2022-2-1 14:03:30;12827614.3127;13591304.481;22955259.8077
E01;2022-2-1 14:04:00;12813069.2411;13658818.8302;22923330.4978
E01;2022-2-1 14:04:30;12798703.5544;13726272.9011;22891084.1268
E01;2022-2-1 14:05:00;12784517.1163;13793665.2997;22858521.1416
E01;2022-2-1 14:05:30;12770509.7825;13860994.633;22825641.9934
E01;2022-2-1 14:06:00;12756681.4013;13928259.5095;22792447.1379
E01;2022-2-1 14:06:30;12743031.8132;13995458.5387;22758937.035
E01;2022-2-1 14:07:00;12729560.8507;14062590.3316;22725112.1491
E01;2022-2-1 14:07:30;12716268.3391;14129653.5004;22690972.9489
E01;2022-2-1 14:08:00;12703154.0958;14196646.6588;22656519.9074
E01;2022-2-1 14:08:30;12690217.9303;14263568.422;22621753.502
E01;2022-2-1 14:09:00;12677459.6447;14330417.4066;22586674.2144
E01;2022-2-1 14:09:30;12664879.0335;14397192.2307;22551282.5306
E01;2022-2-1 14:00:00;12934462.5588;13117133.3316;23169850.7701
E01;2022-2-1 14:00:30;12918658.6201;13185030.5093;23140153.0297
E01;2022-2-1 14:01:00;12903034.8046;13252877.1962;23110135.223
E01;2022-2-1 14:01:30;12887591.0301;13320671.9912;23079797.7661
E01;2022-2-1 14:02:00;12872327.2065;13388413.4942;23049141.0797
E01;2022-2-1 14:02:30;12857243.2362;13456100.306;23018165.5884
E01;2022-2-1 14:03:00;12842339.0138;13523731.0283;22986871.7218
E01;2022-2-1 14:03:30;12827614.4259;13591304.2637;22955259.9135
E01;2022-2-1 14:04:00;12813069.3517;13658818.616;22923330.6015
E01;2022-2-1 14:04:30;12798703.6624;13726272.6901;22891084.2285
E01;2022-2-1 14:05:00;12784517.2217;13793665.0918;22858521.2413
E01;2022-2-1 14:05:30;12770509.8854;13860994.4282;22825642.0912
E01;2022-2-1 14:06:00;12756681.5018;13928259.3077;22792447.2337
E01;2022-2-1 14:06:30;12743031.9112;13995458.34;22758937.129
E01;2022-2-1 14:07:00;12729560.9463;14062590.1358;22725112.2412
E01;2022-2-1 14:07:30;12716268.4324;14129653.3076;22690973.0391
E01;2022-2-1 14:08:00;12703154.1866;14196646.469;22656519.9957
E01;2022-2-1 14:08:30;12690218.0188;14263568.2351;22621753.5885
E01;2022-2-1 14:09:00;12677459.731;14330417.2226;22586674.299
E01;2022-2-1 14:09:30;12664879.1176;14397192.0496;22551282.6134
E01;2022-2-1 15:00:00;12239120.3835;20526493.5775;17472655.7702
E01;2022-2-1 15:00:30;12242254.65;20578938.7326;17408702.1436
E01;2022-2-1 15:01:00;12245507.2692;20631183.8857;17344507.7958
E01;2022-2-1 15:01:30;12248877.3349;20683228.0493;17280073.6151
E01;2022-2-1 15:02:00;12252363.9355;20735070.2417;17215400.4927
E01;2022-2-1 15:02:30;12255966.1539;20786709.4869;17150489.3236
E01;2022-2-1 15:03:00;12259683.0677;20838144.8148;17085341.0057
E01;2022-2-1 15:03:30;12263513.7495;20889375.2612;17019956.4403
E01;2022-2-1 15:04:00;12267457.2663;20940399.868;16954336.5321
E01;2022-2-1 15:04:30;12271512.6803;20991217.6828;16888482.1888
E01;2022-2-1 15:05:00;12275679.0481;21041827.7593;16822394.3215
E01;2022-2-1 15:05:30;12279955.4215;21092229.1572;16756073.8445
E01;2022-2-1 15:06:00;12284340.8471;21142420.9422;16689521.6753
E01;2022-2-1 15:06:30;12288834.3664;21192402.1862;16622738.7345
E01;2022-2-1 15:07:00;12293435.0158;21242171.9672;16555725.9462
E01;2022-2-1 15:07:30;12298141.827;21291729.3691;16488484.2372
E01;2022-2-1 15:08:00;12302953.8264;21341073.4822;16421014.5379
E01;2022-2-1 15:08:30;12307870.0358;21390203.403;16353317.7815
E01;2022-2-1 15:09:00;12312889.4718;21439118.2342;16285394.9047
E01;2022-2-1 15:09:30;12318011.1464;21487817.0846;16217246.847
E01;2022-2-1 15:00:00;12239120.3974;20526493.5026;17472655.7596
E01;2022-2-1 15:00:30;12242254.6632;20578938.6587;17408702.1322
E01;2022-2-1 15:01:00;12245507.2818;20631183.8129;17344507.7837
E01;2022-2-1 15:01:30;12248877.3469;20683227.9776;17280073.6022
E01;2022-2-1 15:02:00;12252363.9469;20735070.1709;17215400.4792
E01;2022-2-1 15:02:30;12255966.1647;20786709.4171;17150489.3094
E01;2022-2-1 15:03:00;12259683.078;20838144.746;17085340.9908
E01;2022-2-1 15:03:30;12263513.7592;20889375.1934;17019956.4248
E01;2022-2-1 15:04:00;12267457.2755;20940399.8011;16954336.5159
E01;2022-2-1 15:04:30;12271512.689;20991217.6168;16888482.172
E01;2022-2-1 15:05:00;12275679.0563;21041827.6942;16822394.3042
E01;2022-2-1 15:05:30;12279955.4293;21092229.0929;16756073.8266
E01;2022-2-1 15:06:00;12284340.8544;21142420.8788;16689521.6568
E01;2022-2-1 15:06:30;12288834.3732;21192402.1237;16622738.7156
E01;2022-2-1 15:07:00;12293435.0223;21242171.9054;16555725.9267
E01;2022-2-1 15:07:30;12298141.833;21291729.3081;16488484.2173
E01;2022-2-1 15:08:00;12302953.8321;21341073.422;16421014.5175
E01;2022-2-1 15:08:30;12307870.0411;21390203.3436;16353317.7608
E01;2022-2-1 15:09:00;12312889.4767;21439118.1755;16285394.8835
E01;2022-2-1 15:09:30;12318011.151;21487817.0267;16217246.8254
E01;2022-2-1 15:00:00;12239120.471;20526493.3306;17472655.8661
E01;2022-2-1 15:00:30;12242254.7346;20578938.4895;17408702.2355
E01;2022-2-1 15:01:00;12245507.351;20631183.6464;17344507.8838
E01;2022-2-1 15:01:30;12248877.414;20683227.8137;17280073.6992
E01;2022-2-1 15:02:00;12252364.012;20735070.0098;17215400.5731
E01;2022-2-1 15:02:30;12255966.2277;20786709.2585;17150489.4003
E01;2022-2-1 15:03:00;12259683.1391;20838144.59;17085341.0788
E01;2022-2-1 15:03:30;12263513.8184;20889375.0399;17019956.5099
E01;2022-2-1 15:04:00;12267457.3329;20940399.6501;16954336.5982
E01;2022-2-1 15:04:30;12271512.7445;20991217.4682;16888482.2515
E01;2022-2-1 15:05:00;12275679.1101;21041827.548;16822394.3809
E01;2022-2-1 15:05:30;12279955.4813;21092228.9492;16756073.9006
E01;2022-2-1 15:06:00;12284340.9048;21142420.7374;16689521.7283
E01;2022-2-1 15:06:30;12288834.422;21192401.9845;16622738.7844
E01;2022-2-1 15:07:00;12293435.0694;21242171.7685;16555725.993
E01;2022-2-1 15:07:30;12298141.8787;21291729.1734;16488484.2811
E01;2022-2-1 15:08:00;12302953.8762;21341073.2895;16421014.5789
E01;2022-2-1 15:08:30;12307870.0838;21390203.2132;16353317.8198
E01;2022-2-1 15:09:00;12312889.518;21439118.0471;16285394.9402
E01;2022-2-1 15:09:30;12318011.1909;21487816.9003;16217246.8798
E01;2022-2-1 15:00:00;12239120.5251;20526493.1711;17472655.9701
E01;2022-2-1 15:00:30;12242254.7866;20578938.3318;17408702.3372
E01;2022-2-1 15:01:00;12245507.4009;20631183.4905;17344507.9832
E01;2022-2-1 15:01:30;12248877.4619;20683227.6596;17280073.7963
E01;2022-2-1 15:02:00;12252364.0578;20735069.8573;17215400.6679
E01;2022-2-1 15:02:30;12255966.2716;20786709.1078;17150489.4928
E01;2022-2-1 15:03:00;12259683.1809;20838144.4409;17085341.1691
E01;2022-2-1 15:03:30;12263513.8583;20889374.8926;17019956.598
E01;2022-2-1 15:04:00;12267457.3709;20940399.5044;16954336.6841
E01;2022-2-1 15:04:30;12271512.7806;20991217.3242;16888482.3352
E01;2022-2-1 15:05:00;12275679.1443;21041827.4057;16822394.4625
E01;2022-2-1 15:05:30;12279955.5137;21092228.8084;16756073.9801
E01;2022-2-1 15:06:00;12284340.9354;21142420.5982;16689521.8056
E01;2022-2-1 15:06:30;12288834.4508;21192401.847;16622738.8597
E01;2022-2-1 15:07:00;12293435.0965;21242171.6325;16555726.0663
E01;2022-2-1 15:07:30;12298141.9041;21291729.039;16488484.3524
E01;2022-2-1 15:08:00;12302953.8999;21341073.1567;16421014.6482
E01;2022-2-1 15:08:30;12307870.1058;21390203.0819;16353317.8871
E01;2022-2-1 15:09:00;12312889.5384;21439117.9174;16285395.0055
E01;2022-2-1 15:09:30;12318011.2097;21487816.7721;16217246.9432
E01;2022-2-1 15:00:00;12239120.6935;20526492.984;17472656.2509
E01;2022-2-1 15:00:30;12242254.9524;20578938.1464;17408702.6156
E01;2022-2-1 15:01:00;12245507.5642;20631183.3068;17344508.2594
E01;2022-2-1 15:01:30;12248877.6227;20683227.4776;17280074.0702
E01;2022-2-1 15:02:00;12252364.2161;20735069.677;17215400.9396
E01;2022-2-1 15:02:30;12255966.4275;20786708.9292;17150489.7623
E01;2022-2-1 15:03:00;12259683.3345;20838144.264;17085341.4363
E01;2022-2-1 15:03:30;12263514.0095;20889374.7172;17019956.8631
E01;2022-2-1 15:04:00;12267457.5198;20940399.3308;16954336.947
E01;2022-2-1 15:04:30;12271512.9273;20991217.1522;16888482.596
E01;2022-2-1 15:05:00;12275679.2888;21041827.2352;16822394.7212
E01;2022-2-1 15:05:30;12279955.656;21092228.6396;16756074.2367
E01;2022-2-1 15:06:00;12284341.0755;21142420.431;16689522.0602
E01;2022-2-1 15:06:30;12288834.5889;21192401.6813;16622739.1122
E01;2022-2-1 15:07:00;12293435.2325;21242171.4684;16555726.3168
E01;2022-2-1 15:07:30;12298142.038;21291728.8765;16488484.6008
E01;2022-2-1 15:08:00;12302954.0319;21341072.9956;16421014.8946
E01;2022-2-1 15:08:30;12307870.2358;21390202.9224;16353318.1316
E01;2022-2-1 15:09:00;12312889.6665;21439117.7594;16285395.2481
E01;2022-2-1 15:09:30;12318011.336;21487816.6156;16217247.1838
E01;2022-2-1 16:00:00;13168660.2853;25167516.121;8353593.69657
E01;2022-2-1 16:00:30;13178325.5482;25190760.691;8267915.54014
E01;2022-2-1 16:01:00;13187972.8233;25213735.3619;8182123.08155
E01;2022-2-1 16:01:30;13197600.8425;25236440.008;8096217.50702
E01;2022-2-1 16:02:00;13207208.3372;25258874.5116;8010200.00436
E01;2022-2-1 16:02:30;13216794.0388;25281038.7629;7924071.76288
E01;2022-2-1 16:03:00;13226356.6782;25302932.6604;7837833.97345
E01;2022-2-1 16:03:30;13235894.9861;25324556.1102;7751487.82844
E01;2022-2-1 16:04:00;13245407.693;25345909.0266;7665034.52171
E01;2022-2-1 16:04:30;13254893.5295;25366991.3319;7578475.24861
E01;2022-2-1 16:05:00;13264351.2258;25387802.9564;7491811.20594
E01;2022-2-1 16:05:30;13273779.5123;25408343.8383;7405043.59195
E01;2022-2-1 16:06:00;13283177.1194;25428613.9239;7318173.60633
E01;2022-2-1 16:06:30;13292542.7773;25448613.1675;7231202.45015
E01;2022-2-1 16:07:00;13301875.2166;25468341.5314;7144131.3259
E01;2022-2-1 16:07:30;13311173.168;25487798.9858;7056961.43745
E01;2022-2-1 16:08:00;13320435.3622;25506985.509;6969693.99002
E01;2022-2-1 16:08:30;13329660.5305;25525901.0872;6882330.19018
E01;2022-2-1 16:09:00;13338847.4041;25544545.7148;6794871.24583
E01;2022-2-1 16:09:30;13347994.7148;25562919.3941;6707318.36619
E01;2022-2-1 16:00:00;13168660.291;25167516.1034;8353593.70752
E01;2022-2-1 16:00:30;13178325.5533;25190760.6738;8267915.55044
E01;2022-2-1 16:01:00;13187972.8279;25213735.345;8182123.09122
E01;2022-2-1 16:01:30;13197600.8465;25236439.9914;8096217.51609
E01;2022-2-1 16:02:00;13207208.3408;25258874.4953;8010200.01284
E01;2022-2-1 16:02:30;13216794.0419;25281038.747;7924071.7708
E01;2022-2-1 16:03:00;13226356.6807;25302932.6448;7837833.98083
E01;2022-2-1 16:03:30;13235894.9881;25324556.0949;7751487.8353
E01;2022-2-1 16:04:00;13245407.6946;25345909.0116;7665034.52807
E01;2022-2-1 16:04:30;13254893.5306;25366991.3172;7578475.2545
E01;2022-2-1 16:05:00;13264351.2265;25387802.9419;7491811.21138
E01;2022-2-1 16:05:30;13273779.5126;25408343.8241;7405043.59696
E01;2022-2-1 16:06:00;13283177.1192;25428613.91;7318173.61092
E01;2022-2-1 16:06:30;13292542.7767;25448613.1538;7231202.45435
E01;2022-2-1 16:07:00;13301875.2156;25468341.5179;7144131.32974
E01;2022-2-1 16:07:30;13311173.1665;25487798.9726;7056961.44095
E01;2022-2-1 16:08:00;13320435.3604;25506985.496;6969693.99319
E01;2022-2-1 16:08:30;13329660.5283;25525901.0745;6882330.19305
E01;2022-2-1 16:09:00;13338847.4015;25544545.7023;6794871.24842
E01;2022-2-1 16:09:30;13347994.7119;25562919.3818;6707318.36851
E01;2022-2-1 16:00:00;13168660.4181;25167515.9558;8353593.94155
E01;2022-2-1 16:00:30;13178325.6788;25190760.5277;8267915.78219
E01;2022-2-1 16:01:00;13187972.9517;25213735.2005;8182123.32072
E01;2022-2-1 16:01:30;13197600.9687;25236439.8485;8096217.74336
E01;2022-2-1 16:02:00;13207208.4613;25258874.354;8010200.23791
E01;2022-2-1 16:02:30;13216794.1608;25281038.6072;7924071.99369
E01;2022-2-1 16:03:00;13226356.7982;25302932.5064;7837834.20157
E01;2022-2-1 16:03:30;13235895.1041;25324555.958;7751488.05392
E01;2022-2-1 16:04:00;13245407.8091;25345908.8762;7665034.7446
E01;2022-2-1 16:04:30;13254893.6437;25366991.1832;7578475.46896
E01;2022-2-1 16:05:00;13264351.3381;25387802.8094;7491811.42379
E01;2022-2-1 16:05:30;13273779.6228;25408343.693;7405043.80736
E01;2022-2-1 16:06:00;13283177.228;25428613.7803;7318173.81933
E01;2022-2-1 16:06:30;13292542.8842;25448613.0255;7231202.6608
E01;2022-2-1 16:07:00;13301875.3218;25468341.391;7144131.53426
E01;2022-2-1 16:07:30;13311173.2715;25487798.8469;7056961.64355
E01;2022-2-1 16:08:00;13320435.4641;25506985.3717;6969694.19392
E01;2022-2-1 16:08:30;13329660.6307;25525900.9515;6882330.39193
E01;2022-2-1 16:09:00;13338847.5028;25544545.5806;6794871.44547
E01;2022-2-1 16:09:30;13347994.812;25562919.2613;6707318.56377
E01;2022-2-1 16:00:00;13168660.4918;25167515.8658;8353594.09019
E01;2022-2-1 16:00:30;13178325.7517;25190760.4386;8267915.92981
E01;2022-2-1 16:01:00;13187973.0239;25213735.1122;8182123.46731
E01;2022-2-1 16:01:30;13197601.0403;25236439.761;8096217.88894
E01;2022-2-1 16:02:00;13207208.5323;25258874.2672;8010200.38247
E01;2022-2-1 16:02:30;13216794.2312;25281038.5212;7924072.13725
E01;2022-2-1 16:03:00;13226356.8679;25302932.4212;7837834.34412
E01;2022-2-1 16:03:30;13235895.1733;25324555.8736;7751488.19547
E01;2022-2-1 16:04:00;13245407.8777;25345908.7925;7665034.88515
E01;2022-2-1 16:04:30;13254893.7118;25366991.1003;7578475.60852
E01;2022-2-1 16:05:00;13264351.4057;25387802.7272;7491811.56237
E01;2022-2-1 16:05:30;13273779.6899;25408343.6115;7405043.94495
E01;2022-2-1 16:06:00;13283177.2946;25428613.6995;7318173.95595
E01;2022-2-1 16:06:30;13292542.9503;25448612.9454;7231202.79644
E01;2022-2-1 16:07:00;13301875.3875;25468341.3115;7144131.66893
E01;2022-2-1 16:07:30;13311173.3368;25487798.7682;7056961.77727
E01;2022-2-1 16:08:00;13320435.529;25506985.2936;6969694.32668
E01;2022-2-1 16:08:30;13329660.6953;25525900.874;6882330.52373
E01;2022-2-1 16:09:00;13338847.567;25544545.5038;6794871.57634
E01;2022-2-1 16:09:30;13347994.8758;25562919.1852;6707318.69369
E01;2022-2-1 16:00:00;13168660.598;25167515.8012;8353594.26056
E01;2022-2-1 16:00:30;13178325.8569;25190760.3748;8267916.09964
E01;2022-2-1 16:01:00;13187973.1281;25213735.0493;8182123.63661
E01;2022-2-1 16:01:30;13197601.1435;25236439.699;8096218.0577
E01;2022-2-1 16:02:00;13207208.6345;25258874.2061;8010200.55068
E01;2022-2-1 16:02:30;13216794.3325;25281038.4609;7924072.3049
E01;2022-2-1 16:03:00;13226356.9683;25302932.3618;7837834.51122
E01;2022-2-1 16:03:30;13235895.2728;25324555.8149;7751488.36201
E01;2022-2-1 16:04:00;13245407.9764;25345908.7346;7665035.05113
E01;2022-2-1 16:04:30;13254893.8096;25366991.0432;7578475.77393
E01;2022-2-1 16:05:00;13264351.5027;25387802.6709;7491811.72721
E01;2022-2-1 16:05:30;13273779.7861;25408343.556;7405044.10922
E01;2022-2-1 16:06:00;13283177.39;25428613.6447;7318174.11964
E01;2022-2-1 16:06:30;13292543.045;25448612.8914;7231202.95957
E01;2022-2-1 16:07:00;13301875.4814;25468341.2583;7144131.83147
E01;2022-2-1 16:07:30;13311173.4299;25487798.7156;7056961.93923
E01;2022-2-1 16:08:00;13320435.6215;25506985.2417;6969694.48806
E01;2022-2-1 16:08:30;13329660.787;25525900.8229;6882330.68454
E01;2022-2-1 16:09:00;13338847.6581;25544545.4534;6794871.73656
E01;2022-2-1 16:09:30;13347994.9662;25562919.1354;6707318.85333
E01;2022-2-1 17:00:00;13849772.0207;26059583.3864;-2401136.25273
E01;2022-2-1 17:00:30;13848501.5217;26051754.5536;-2491760.81887
E01;2022-2-1 17:01:00;13847071.1347;26043696.2408;-2582350.93821
E01;2022-2-1 17:01:30;13845479.8704;26035409.2228;-2672905.35852
E01;2022-2-1 17:02:00;13843726.7445;26026894.2808;-2763422.82805
E01;2022-2-1 17:02:30;13841810.7774;26018152.2022;-2853902.09556
E01;2022-2-1 17:03:00;13839730.9944;26009183.7808;-2944341.91033
E01;2022-2-1 17:03:30;13837486.426;25999989.8168;-3034741.02222
E01;2022-2-1 17:04:00;13835076.1075;25990571.1166;-3125098.18161
E01;2022-2-1 17:04:30;13832499.0792;25980928.4928;-3215412.1395
E01;2022-2-1 17:05:00;13829754.3867;25971062.7642;-3305681.64747
E01;2022-2-1 17:05:30;13826841.0805;25960974.7558;-3395905.45771
E01;2022-2-1 17:06:00;13823758.2163;25950665.2988;-3486082.32305
E01;2022-2-1 17:06:30;13820504.8552;25940135.2304;-3576210.99698
E01;2022-2-1 17:07:00;13817080.0631;25929385.3941;-3666290.23364
E01;2022-2-1 17:07:30;13813482.9114;25918416.6392;-3756318.78787
E01;2022-2-1 17:08:00;13809712.4769;25907229.8212;-3846295.4152
E01;2022-2-1 17:08:30;13805767.8414;25895825.8015;-3936218.87187
E01;2022-2-1 17:09:00;13801648.0924;25884205.4475;-4026087.91489
E01;2022-2-1 17:09:30;13797352.3225;25872369.6327;-4115901.30199
E01;2022-2-1 17:00:00;13849772.0221;26059583.3328;-2401136.13659
E01;2022-2-1 17:00:30;13848501.5228;26051754.5006;-2491760.70286
E01;2022-2-1 17:01:00;13847071.1355;26043696.1884;-2582350.82235
E01;2022-2-1 17:01:30;13845479.871;26035409.171;-2672905.2428
E01;2022-2-1 17:02:00;13843726.7447;26026894.2296;-2763422.71247
E01;2022-2-1 17:02:30;13841810.7773;26018152.1516;-2853901.98012
E01;2022-2-1 17:03:00;13839730.9941;26009183.7308;-2944341.79504
E01;2022-2-1 17:03:30;13837486.4253;25999989.7674;-3034740.90707
E01;2022-2-1 17:04:00;13835076.1065;25990571.0678;-3125098.06661
E01;2022-2-1 17:04:30;13832499.0779;25980928.4445;-3215412.02464
E01;2022-2-1 17:05:00;13829754.3851;25971062.7165;-3305681.53276
E01;2022-2-1 17:05:30;13826841.0786;25960974.7087;-3395905.34314
E01;2022-2-1 17:06:00;13823758.2142;25950665.2522;-3486082.20863
E01;2022-2-1 17:06:30;13820504.8527;25940135.1844;-3576210.8827
E01;2022-2-1 17:07:00;13817080.0603;25929385.3486;-3666290.11951
E01;2022-2-1 17:07:30;13813482.9083;25918416.5943;-3756318.67388
E01;2022-2-1 17:08:00;13809712.4735;25907229.7768;-3846295.30135
E01;2022-2-1 17:08:30;13805767.8378;25895825.7577;-3936218.75817
E01;2022-2-1 17:09:00;13801648.0885;25884205.4043;-4026087.80133
E01;2022-2-1 17:09:30;13797352.3183;25872369.59;-4115901.18858
E01;2022-2-1 17:00:00;13849772.2068;26059583.2545;-2401135.8547
E01;2022-2-1 17:00:30;13848501.7081;26051754.4233;-2491760.42112
E01;2022-2-1 17:01:00;13847071.3215;26043696.1122;-2582350.54075
E01;2022-2-1 17:01:30;13845480.0576;26035409.0958;-2672904.96136
E01;2022-2-1 17:02:00;13843726.932;26026894.1553;-2763422.43119
E01;2022-2-1 17:02:30;13841810.9652;26018152.0782;-2853901.69901
E01;2022-2-1 17:03:00;13839731.1826;26009183.6583;-2944341.5141
E01;2022-2-1 17:03:30;13837486.6146;25999989.6958;-3034740.6263
E01;2022-2-1 17:04:00;13835076.2964;25990570.997;-3125097.78602
E01;2022-2-1 17:04:30;13832499.2684;25980928.3746;-3215411.74423
E01;2022-2-1 17:05:00;13829754.5763;25971062.6473;-3305681.25253
E01;2022-2-1 17:05:30;13826841.2704;25960974.6403;-3395905.06311
E01;2022-2-1 17:06:00;13823758.4066;25950665.1846;-3486081.92879
E01;2022-2-1 17:06:30;13820505.0458;25940135.1175;-3576210.60306
E01;2022-2-1 17:07:00;13817080.254;25929385.2824;-3666289.84006
E01;2022-2-1 17:07:30;13813483.1027;25918416.5288;-3756318.39463
E01;2022-2-1 17:08:00;13809712.6685;25907229.712;-3846295.0223
E01;2022-2-1 17:08:30;13805768.0334;25895825.6935;-3936218.47933
E01;2022-2-1 17:09:00;13801648.2847;25884205.3407;-4026087.52269
E01;2022-2-1 17:09:30;13797352.5152;25872369.527;-4115900.91014
E01;2022-2-1 17:00:00;13849772.3553;26059583.231;-2401135.65737
E01;2022-2-1 17:00:30;13848501.8572;26051754.4014;-2491760.22351
E01;2022-2-1 17:01:00;13847071.4712;26043696.0919;-2582350.34288
E01;2022-2-1 17:01:30;13845480.2079;26035409.0771;-2672904.76324
E01;2022-2-1 17:02:00;13843727.0829;26026894.1381;-2763422.23283
E01;2022-2-1 17:02:30;13841811.1168;26018152.0625;-2853901.50043
E01;2022-2-1 17:03:00;13839731.3348;26009183.6442;-2944341.31531
E01;2022-2-1 17:03:30;13837486.7673;25999989.6831;-3034740.42731
E01;2022-2-1 17:04:00;13835076.4498;25990570.9858;-3125097.58685
E01;2022-2-1 17:04:30;13832499.4225;25980928.3647;-3215411.5449
E01;2022-2-1 17:05:00;13829754.7309;25971062.6389;-3305681.05304
E01;2022-2-1 17:05:30;13826841.4257;25960974.6331;-3395904.86347
E01;2022-2-1 17:06:00;13823758.5625;25950665.1788;-3486081.72901
E01;2022-2-1 17:06:30;13820505.2023;25940135.113;-3576210.40316
E01;2022-2-1 17:07:00;13817080.4112;25929385.2791;-3666289.64006
E01;2022-2-1 17:07:30;13813483.2606;25918416.5267;-3756318.19453
E01;2022-2-1 17:08:00;13809712.827;25907229.7111;-3846294.82211
E01;2022-2-1 17:08:30;13805768.1925;25895825.6938;-3936218.27906
E01;2022-2-1 17:09:00;13801648.4445;25884205.3422;-4026087.32236
E01;2022-2-1 17:09:30;13797352.6756;25872369.5296;-4115900.70975
