SV;DATETIME;X;Y;Z
E09;2022-4-1 00:00:00;17796739.2855;-23131259.9765;-4892678.56601
E09;2022-4-1 00:00:30;17805674.4245;-23142958.5658;-4804146.90734
E09;2022-4-1 00:01:00;17814397.4692;-23154486.147;-4715548.73022
E09;2022-4-1 00:01:30;17822909.0914;-23165841.6897;-4626885.26148
E09;2022-4-1 00:02:00;17831209.9693;-23177024.1679;-4538157.72887
E09;2022-4-1 00:02:30;17839300.7875;-23188032.5602;-4449367.361
E09;2022-4-1 00:03:00;17847182.237;-23198865.8497;-4360515.38734
E09;2022-4-1 00:03:30;17854855.015;-23209523.0243;-4271603.03824
E09;2022-4-1 00:04:00;17862319.8252;-23220003.0764;-4182631.54486
E09;2022-4-1 00:04:30;17869577.3775;-23230305.0033;-4093602.13919
E09;2022-4-1 00:05:00;17876628.3881;-23240427.8068;-4004516.05401
E09;2022-4-1 00:05:30;17883473.5793;-23250370.4936;-3915374.52288
E09;2022-4-1 00:06:00;17890113.6799;-23260132.0752;-3826178.78014
E09;2022-4-1 00:06:30;17896549.4244;-23269711.568;-3736930.06087
E09;2022-4-1 00:07:00;17902781.5539;-23279107.9932;-3647629.60087
E09;2022-4-1 00:07:30;17908810.8154;-23288320.3769;-3558278.63668
E09;2022-4-1 00:08:00;17914637.9621;-23297347.7503;-3468878.40549
E09;2022-4-1 00:08:30;17920263.7532;-23306189.1495;-3379430.14523
E09;2022-4-1 00:09:00;17925688.9538;-23314843.6155;-3289935.09444
E09;2022-4-1 00:09:30;17930914.3352;-23323310.1946;-3200394.49233
E09;2022-4-1 00:00:00;17796739.0982;-23131260.0821;-4892678.93074
E09;2022-4-1 00:00:30;17805674.2399;-23142958.67;-4804147.26806
E09;2022-4-1 00:01:00;17814397.2874;-23154486.2498;-4715549.08698
E09;2022-4-1 00:01:30;17822908.9122;-23165841.7911;-4626885.61434
E09;2022-4-1 00:02:00;17831209.7927;-23177024.268;-4538158.07785
E09;2022-4-1 00:02:30;17839300.6135;-23188032.6589;-4449367.70615
E09;2022-4-1 00:03:00;17847182.0655;-23198865.9472;-4360515.72871
E09;2022-4-1 00:03:30;17854854.846;-23209523.1205;-4271603.37586
E09;2022-4-1 00:04:00;17862319.6587;-23220003.1714;-4182631.87878
E09;2022-4-1 00:04:30;17869577.2135;-23230305.0971;-4093602.46945
E09;2022-4-1 00:05:00;17876628.2264;-23240427.8994;-4004516.38065
E09;2022-4-1 00:05:30;17883473.42;-23250370.585;-3915374.84595
E09;2022-4-1 00:06:00;17890113.5229;-23260132.1655;-3826179.09968
E09;2022-4-1 00:06:30;17896549.2697;-23269711.6572;-3736930.37693
E09;2022-4-1 00:07:00;17902781.4014;-23279108.0813;-3647629.91349
E09;2022-4-1 00:07:30;17908810.6652;-23288320.464;-3558278.94589
E09;2022-4-1 00:08:00;17914637.814;-23297347.8363;-3468878.71135
E09;2022-4-1 00:08:30;17920263.6072;-23306189.2345;-3379430.44777
E09;2022-4-1 00:09:00;17925688.8099;-23314843.6995;-3289935.39371
E09;2022-4-1 00:09:30;17930914.1934;-23323310.2776;-3200394.78837
E09;2022-4-1 00:00:00;17796738.904;-23131260.2634;-4892679.29172
E09;2022-4-1 00:00:30;17805674.0493;-23142958.8492;-4804147.62421
E09;2022-4-1 00:01:00;17814397.1001;-23154486.4269;-4715549.43834
E09;2022-4-1 00:01:30;17822908.7283;-23165841.9661;-4626885.96094
E09;2022-4-1 00:02:00;17831209.6122;-23177024.4408;-4538158.41974
E09;2022-4-1 00:02:30;17839300.4362;-23188032.8297;-4449368.04335
E09;2022-4-1 00:03:00;17847181.8915;-23198866.1159;-4360516.06127
E09;2022-4-1 00:03:30;17854854.6752;-23209523.2872;-4271603.70382
E09;2022-4-1 00:04:00;17862319.491;-23220003.3361;-4182632.20218
E09;2022-4-1 00:04:30;17869577.0488;-23230305.2597;-4093602.78833
E09;2022-4-1 00:05:00;17876628.0648;-23240428.06;-4004516.69505
E09;2022-4-1 00:05:30;17883473.2614;-23250370.7436;-3915375.15591
E09;2022-4-1 00:06:00;17890113.3672;-23260132.3222;-3826179.40524
E09;2022-4-1 00:06:30;17896549.1169;-23269711.8119;-3736930.67812
E09;2022-4-1 00:07:00;17902781.2516;-23279108.234;-3647630.21036
E09;2022-4-1 00:07:30;17908810.5181;-23288320.6148;-3558279.23848
E09;2022-4-1 00:08:00;17914637.6697;-23297347.9852;-3468878.99971
E09;2022-4-1 00:08:30;17920263.4656;-23306189.3815;-3379430.73193
E09;2022-4-1 00:09:00;17925688.671;-23314843.8446;-3289935.67372
E09;2022-4-1 00:09:30;17930914.0572;-23323310.4209;-3200395.06427
E09;2022-4-1 01:00:00;17590289.3002;-23068270.275;5857392.30996
E09;2022-4-1 01:00:30;17580120.2946;-23053631.3105;5945034.96468
E09;2022-4-1 01:01:00;17569856.7195;-23038738.9068;6032595.3252
E09;2022-4-1 01:01:30;17559499.7781;-23023592.7885;6120072.17974
E09;2022-4-1 01:02:00;17549050.6757;-23008192.6881;6207464.31768
E09;2022-4-1 01:02:30;17538510.6194;-22992538.3454;6294770.52959
E09;2022-4-1 01:03:00;17527880.8184;-22976629.5078;6381989.60722
E09;2022-4-1 01:03:30;17517162.4837;-22960465.9304;6469120.34356
E09;2022-4-1 01:04:00;17506356.8282;-22944047.3759;6556161.53281
E09;2022-4-1 01:04:30;17495465.0667;-22927373.6146;6643111.97043
E09;2022-4-1 01:05:00;17484488.4156;-22910444.4244;6729970.45314
E09;2022-4-1 01:05:30;17473428.0932;-22893259.591;6816735.77896
E09;2022-4-1 01:06:00;17462285.3193;-22875818.9075;6903406.74717
E09;2022-4-1 01:06:30;17451061.3156;-22858122.1749;6989982.1584
E09;2022-4-1 01:07:00;17439757.305;-22840169.2017;7076460.8146
E09;2022-4-1 01:07:30;17428374.5123;-22821959.804;7162841.51906
E09;2022-4-1 01:08:00;17416914.1636;-22803493.8059;7249123.07645
E09;2022-4-1 01:08:30;17405377.4867;-22784771.039;7335304.29281
E09;2022-4-1 01:09:00;17393765.7104;-22765791.3426;7421383.97559
E09;2022-4-1 01:09:30;17382080.0653;-22746554.5636;7507360.93364
E09;2022-4-1 01:00:00;17590289.1612;-23068270.4286;5857392.07447
E09;2022-4-1 01:00:30;17580120.1581;-23053631.4648;5945034.73136
E09;2022-4-1 01:01:00;17569856.5856;-23038739.0617;6032595.09402
E09;2022-4-1 01:01:30;17559499.6468;-23023592.9441;6120071.95069
E09;2022-4-1 01:02:00;17549050.5468;-23008192.8443;6207464.09074
E09;2022-4-1 01:02:30;17538510.4929;-22992538.5022;6294770.30473
E09;2022-4-1 01:03:00;17527880.6943;-22976629.6651;6381989.38444
E09;2022-4-1 01:03:30;17517162.3619;-22960466.0883;6469120.12283
E09;2022-4-1 01:04:00;17506356.7087;-22944047.5343;6556161.31412
E09;2022-4-1 01:04:30;17495464.9494;-22927373.7736;6643111.75376
E09;2022-4-1 01:05:00;17484488.3006;-22910444.5839;6729970.23847
E09;2022-4-1 01:05:30;17473427.9803;-22893259.7509;6816735.56626
E09;2022-4-1 01:06:00;17462285.2085;-22875819.0679;6903406.53643
E09;2022-4-1 01:06:30;17451061.2068;-22858122.3357;6989981.9496
E09;2022-4-1 01:07:00;17439757.1982;-22840169.3629;7076460.60772
E09;2022-4-1 01:07:30;17428374.4075;-22821959.9656;7162841.31409
E09;2022-4-1 01:08:00;17416914.0608;-22803493.9679;7249122.87336
E09;2022-4-1 01:08:30;17405377.3857;-22784771.2013;7335304.09159
E09;2022-4-1 01:09:00;17393765.6113;-22765791.5052;7421383.77621
E09;2022-4-1 01:09:30;17382079.968;-22746554.7266;7507360.73608
E09;2022-4-1 02:00:00;16040850.1617;-19488062.6451;15459303.859
E09;2022-4-1 02:00:30;16028126.0394;-19443212.1335;15528879.9945
E09;2022-4-1 02:01:00;16015453.6355;-19398130.1371;15598241.2693
E09;2022-4-1 02:01:30;16002834.0769;-19352817.2939;15667386.7243
E09;2022-4-1 02:02:00;15990268.4873;-19307274.2485;15736315.4039
E09;2022-4-1 02:02:30;15977757.9872;-19261501.6529;15805026.3553
E09;2022-4-1 02:03:00;15965303.6936;-19215500.1657;15873518.6287
E09;2022-4-1 02:03:30;15952906.7199;-19169270.4527;15941791.2774
E09;2022-4-1 02:04:00;15940568.1766;-19122813.1865;16009843.3576
E09;2022-4-1 02:04:30;15928289.1701;-19076129.0467;16077673.9288
E09;2022-4-1 02:05:00;15916070.8036;-19029218.7197;16145282.0534
E09;2022-4-1 02:05:30;15903914.1768;-18982082.8987;16212666.7969
E09;2022-4-1 02:06:00;15891820.3855;-18934722.2839;16279827.228
E09;2022-4-1 02:06:30;15879790.5222;-18887137.5822;16346762.4184
E09;2022-4-1 02:07:00;15867825.6754;-18839329.5073;16413471.443
E09;2022-4-1 02:07:30;15855926.93;-18791298.7798;16479953.3798
E09;2022-4-1 02:08:00;15844095.3673;-18743046.1269;16546207.3099
E09;2022-4-1 02:08:30;15832332.0645;-18694572.2825;16612232.3177
E09;2022-4-1 02:09:00;15820638.0951;-18645877.9874;16678027.4907
E09;2022-4-1 02:09:30;15809014.5288;-18596963.9889;16743591.9195
E09;2022-4-1 02:00:00;16040850.1011;-19488062.7744;15459303.7729
E09;2022-4-1 02:00:30;16028125.979;-19443212.2629;15528879.9089
E09;2022-4-1 02:01:00;16015453.5752;-19398130.2667;15598241.184
E09;2022-4-1 02:01:30;16002834.0167;-19352817.4236;15667386.6394
E09;2022-4-1 02:02:00;15990268.4273;-19307274.3783;15736315.3194
E09;2022-4-1 02:02:30;15977757.9273;-19261501.7828;15805026.2711
E09;2022-4-1 02:03:00;15965303.6337;-19215500.2958;15873518.5448
E09;2022-4-1 02:03:30;15952906.6602;-19169270.5829;15941791.1938
E09;2022-4-1 02:04:00;15940568.1169;-19122813.3168;16009843.2744
E09;2022-4-1 02:04:30;15928289.1104;-19076129.1771;16077673.8459
E09;2022-4-1 02:05:00;15916070.7441;-19029218.8502;16145281.9707
E09;2022-4-1 02:05:30;15903914.1173;-18982083.0293;16212666.7146
E09;2022-4-1 02:06:00;15891820.3261;-18934722.4146;16279827.1459
E09;2022-4-1 02:06:30;15879790.4628;-18887137.713;16346762.3366
E09;2022-4-1 02:07:00;15867825.616;-18839329.6382;16413471.3614
E09;2022-4-1 02:07:30;15855926.8707;-18791298.9108;16479953.2984
E09;2022-4-1 02:08:00;15844095.308;-18743046.2579;16546207.2288
E09;2022-4-1 02:08:30;15832332.0052;-18694572.4137;16612232.2368
E09;2022-4-1 02:09:00;15820638.0359;-18645878.1186;16678027.41
E09;2022-4-1 02:09:30;15809014.4695;-18596964.1202;16743591.8389
E09;2022-4-1 02:00:00;16040850.1054;-19488062.9566;15459303.6255
E09;2022-4-1 02:00:30;16028125.984;-19443212.4459;15528879.7631
E09;2022-4-1 02:01:00;16015453.581;-19398130.4504;15598241.0398
E09;2022-4-1 02:01:30;16002834.0232;-19352817.6081;15667386.4967
E09;2022-4-1 02:02:00;15990268.4344;-19307274.5635;15736315.1782
E09;2022-4-1 02:02:30;15977757.935;-19261501.9687;15805026.1314
E09;2022-4-1 02:03:00;15965303.642;-19215500.4823;15873518.4066
E09;2022-4-1 02:03:30;15952906.669;-19169270.7701;15941791.057
E09;2022-4-1 02:04:00;15940568.1262;-19122813.5046;16009843.1389
E09;2022-4-1 02:04:30;15928289.1202;-19076129.3655;16077673.7117
E09;2022-4-1 02:05:00;15916070.7542;-19029219.0391;16145281.8379
E09;2022-4-1 02:05:30;15903914.1278;-18982083.2187;16212666.583
E09;2022-4-1 02:06:00;15891820.3369;-18934722.6045;16279827.0156
E09;2022-4-1 02:06:30;15879790.4739;-18887137.9034;16346762.2075
E09;2022-4-1 02:07:00;15867825.6274;-18839329.8291;16413471.2336
E09;2022-4-1 02:07:30;15855926.8823;-18791299.1021;16479953.1717
E09;2022-4-1 02:08:00;15844095.3198;-18743046.4497;16546207.1032
E09;2022-4-1 02:08:30;15832332.0171;-18694572.6058;16612232.1123
E09;2022-4-1 02:09:00;15820638.0479;-18645878.3111;16678027.2866
E09;2022-4-1 02:09:30;15809014.4817;-18596964.3131;16743591.7166
E09;2022-4-1 02:00:00;16040850.0541;-19488063.0062;15459303.5269
E09;2022-4-1 02:00:30;16028125.934;-19443212.4964;15528879.6656
E09;2022-4-1 02:01:00;16015453.5321;-19398130.5019;15598240.9434
E09;2022-4-1 02:01:30;16002833.9755;-19352817.6605;15667386.4015
E09;2022-4-1 02:02:00;15990268.3878;-19307274.6169;15736315.084
E09;2022-4-1 02:02:30;15977757.8895;-19261502.023;15805026.0383
E09;2022-4-1 02:03:00;15965303.5976;-19215500.5375;15873518.3144
E09;2022-4-1 02:03:30;15952906.6256;-19169270.8261;15941790.9658
E09;2022-4-1 02:04:00;15940568.0838;-19122813.5615;16009843.0487
E09;2022-4-1 02:04:30;15928289.0788;-19076129.4232;16077673.6225
E09;2022-4-1 02:05:00;15916070.7138;-19029219.0976;16145281.7497
E09;2022-4-1 02:05:30;15903914.0883;-18982083.2781;16212666.4957
E09;2022-4-1 02:06:00;15891820.2983;-18934722.6646;16279826.9292
E09;2022-4-1 02:06:30;15879790.4362;-18887137.9643;16346762.1219
E09;2022-4-1 02:07:00;15867825.5905;-18839329.8907;16413471.1488
E09;2022-4-1 02:07:30;15855926.8462;-18791299.1644;16479953.0878
E09;2022-4-1 02:08:00;15844095.2845;-18743046.5127;16546207.0201
E09;2022-4-1 02:08:30;15832331.9826;-18694572.6696;16612232.03
E09;2022-4-1 02:09:00;15820638.0141;-18645878.3756;16678027.205
E09;2022-4-1 02:09:30;15809014.4486;-18596964.3782;16743591.6358
E09;2022-4-1 03:00:00;15165489.1042;-12685177.3684;22032014.6593
E09;2022-4-1 03:00:30;15165788.0373;-12618860.5935;22069902.3852
E09;2022-4-1 03:01:00;15166240.255;-12552431.3733;22107484.9008
E09;2022-4-1 03:01:30;15166846.2432;-12485890.9807;22144761.6874
E09;2022-4-1 03:02:00;15167606.4809;-12419240.692;22181732.2308
E09;2022-4-1 03:02:30;15168521.4399;-12352481.7863;22218396.021
E09;2022-4-1 03:03:00;15169591.5854;-12285615.5459;22254752.5521
E09;2022-4-1 03:03:30;15170817.3751;-12218643.2559;22290801.3225
E09;2022-4-1 03:04:00;15172199.2601;-12151566.2045;22326541.835
E09;2022-4-1 03:04:30;15173737.6841;-12084385.6828;22361973.5965
E09;2022-4-1 03:05:00;15175433.0839;-12017102.9846;22397096.1183
E09;2022-4-1 03:05:30;15177285.8893;-11949719.4066;22431908.9158
E09;2022-4-1 03:06:00;15179296.5227;-11882236.2484;22466411.5089
E09;2022-4-1 03:06:30;15181465.3997;-11814654.812;22500603.4216
E09;2022-4-1 03:07:00;15183792.9285;-11746976.4025;22534484.1823
E09;2022-4-1 03:07:30;15186279.5104;-11679202.3272;22568053.3238
E09;2022-4-1 03:08:00;15188925.5393;-11611333.8964;22601310.3829
E09;2022-4-1 03:08:30;15191731.4022;-11543372.4227;22634254.9011
E09;2022-4-1 03:09:00;15194697.4785;-11475319.2212;22666886.4239
E09;2022-4-1 03:09:30;15197824.1408;-11407175.6096;22699204.5013
E09;2022-4-1 03:00:00;15165489.0437;-12685177.4911;22032014.5788
E09;2022-4-1 03:00:30;15165787.9775;-12618860.7151;22069902.3064
E09;2022-4-1 03:01:00;15166240.1959;-12552431.4938;22107484.8237
E09;2022-4-1 03:01:30;15166846.1848;-12485891.1002;22144761.612
E09;2022-4-1 03:02:00;15167606.4231;-12419240.8105;22181732.1571
E09;2022-4-1 03:02:30;15168521.3828;-12352481.9037;22218395.9489
E09;2022-4-1 03:03:00;15169591.5289;-12285615.6622;22254752.4816
E09;2022-4-1 03:03:30;15170817.3193;-12218643.3712;22290801.2536
E09;2022-4-1 03:04:00;15172199.2048;-12151566.3188;22326541.7677
E09;2022-4-1 03:04:30;15173737.6294;-12084385.796;22361973.5307
E09;2022-4-1 03:05:00;15175433.0298;-12017103.0968;22397096.054
E09;2022-4-1 03:05:30;15177285.8356;-11949719.5178;22431908.853
E09;2022-4-1 03:06:00;15179296.4696;-11882236.3586;22466411.4475
E09;2022-4-1 03:06:30;15181465.347;-11814654.9212;22500603.3617
E09;2022-4-1 03:07:00;15183792.8764;-11746976.5107;22534484.1238
E09;2022-4-1 03:07:30;15186279.4587;-11679202.4344;22568053.2667
E09;2022-4-1 03:08:00;15188925.4881;-11611334.0026;22601310.3272
E09;2022-4-1 03:08:30;15191731.3513;-11543372.5279;22634254.8467
E09;2022-4-1 03:09:00;15194697.4281;-11475319.3254;22666886.3708
E09;2022-4-1 03:09:30;15197824.0907;-11407175.7129;22699204.4495
E09;2022-4-1 03:00:00;15165488.9695;-12685177.7213;22032014.4767
E09;2022-4-1 03:00:30;15165787.9045;-12618860.9442;22069902.2062
E09;2022-4-1 03:01:00;15166240.124;-12552431.7219;22107484.7252
E09;2022-4-1 03:01:30;15166846.114;-12485891.3272;22144761.5153
E09;2022-4-1 03:02:00;15167606.3535;-12419241.0363;22181732.0621
E09;2022-4-1 03:02:30;15168521.3143;-12352482.1285;22218395.8556
E09;2022-4-1 03:03:00;15169591.4614;-12285615.8859;22254752.39
E09;2022-4-1 03:03:30;15170817.2529;-12218643.5938;22290801.1636
E09;2022-4-1 03:04:00;15172199.1395;-12151566.5404;22326541.6793
E09;2022-4-1 03:04:30;15173737.5651;-12084386.0166;22361973.444
E09;2022-4-1 03:05:00;15175432.9665;-12017103.3163;22397095.9688
E09;2022-4-1 03:05:30;15177285.7733;-11949719.7363;22431908.7693
E09;2022-4-1 03:06:00;15179296.4082;-11882236.576;22466411.3654
E09;2022-4-1 03:06:30;15181465.2867;-11814655.1376;22500603.281
E09;2022-4-1 03:07:00;15183792.8169;-11746976.7261;22534484.0446
E09;2022-4-1 03:07:30;15186279.4002;-11679202.6488;22568053.1888
E09;2022-4-1 03:08:00;15188925.4305;-11611334.216;22601310.2507
E09;2022-4-1 03:08:30;15191731.2946;-11543372.7403;22634254.7716
E09;2022-4-1 03:09:00;15194697.3723;-11475319.5369;22666886.2971
E09;2022-4-1 03:09:30;15197824.0358;-11407175.9234;22699204.3771
E09;2022-4-1 04:00:00;16372570.9289;-4299036.28604;24289584.3298
E09;2022-4-1 04:00:30;16392678.8897;-4228828.1002;24288378.7371
E09;2022-4-1 04:01:00;16412945.8015;-4158670.0321;24286837.3901
E09;2022-4-1 04:01:30;16433371.2596;-4088563.41037;24284960.3109
E09;2022-4-1 04:02:00;16453954.852;-4018509.5614;24282747.5264
E09;2022-4-1 04:02:30;16474696.1595;-3948509.80928;24280199.068
E09;2022-4-1 04:03:00;16495594.7556;-3878565.47573;24277314.9718
E09;2022-4-1 04:03:30;16516650.2067;-3808677.88012;24274095.2785
E09;2022-4-1 04:04:00;16537862.0721;-3738848.33935;24270540.0336
E09;2022-4-1 04:04:30;16559229.9037;-3669078.16788;24266649.2869
E09;2022-4-1 04:05:00;16580753.2463;-3599368.67762;24262423.0931
E09;2022-4-1 04:05:30;16602431.6377;-3529721.17795;24257861.5115
E09;2022-4-1 04:06:00;16624264.6085;-3460136.97562;24252964.6059
E09;2022-4-1 04:06:30;16646251.6821;-3390617.37475;24247732.4449
E09;2022-4-1 04:07:00;16668392.375;-3321163.67677;24242165.1016
E09;2022-4-1 04:07:30;16690686.1964;-3251777.18036;24236262.6538
E09;2022-4-1 04:08:00;16713132.6485;-3182459.18144;24230025.1838
E09;2022-4-1 04:08:30;16735731.2267;-3113210.97311;24223452.7788
E09;2022-4-1 04:09:00;16758481.419;-3044033.84561;24216545.5304
E09;2022-4-1 04:09:30;16781382.7065;-2974929.08627;24209303.5348
E09;2022-4-1 04:00:00;16372570.8953;-4299036.53688;24289584.3293
E09;2022-4-1 04:00:30;16392678.8562;-4228828.35058;24288378.7371
E09;2022-4-1 04:01:00;16412945.7682;-4158670.28202;24286837.3905
E09;2022-4-1 04:01:30;16433371.2264;-4088563.65985;24284960.3117
E09;2022-4-1 04:02:00;16453954.819;-4018509.81045;24282747.5276
E09;2022-4-1 04:02:30;16474696.1266;-3948510.05791;24280199.0696
E09;2022-4-1 04:03:00;16495594.7228;-3878565.72396;24277314.9738
E09;2022-4-1 04:03:30;16516650.1741;-3808678.12796;24274095.2809
E09;2022-4-1 04:04:00;16537862.0396;-3738848.58682;24270540.0363
E09;2022-4-1 04:04:30;16559229.8713;-3669078.41498;24266649.29
E09;2022-4-1 04:05:00;16580753.214;-3599368.92438;24262423.0965
E09;2022-4-1 04:05:30;16602431.6056;-3529721.42437;24257861.5153
E09;2022-4-1 04:06:00;16624264.5765;-3460137.22172;24252964.6101
E09;2022-4-1 04:06:30;16646251.6502;-3390617.62054;24247732.4494
E09;2022-4-1 04:07:00;16668392.3432;-3321163.92225;24242165.1064
E09;2022-4-1 04:07:30;16690686.1647;-3251777.42555;24236262.659
E09;2022-4-1 04:08:00;16713132.6169;-3182459.42636;24230025.1894
E09;2022-4-1 04:08:30;16735731.1952;-3113211.21777;24223452.7847
E09;2022-4-1 04:09:00;16758481.3875;-3044034.09002;24216545.5366
E09;2022-4-1 04:09:30;16781382.6752;-2974929.33045;24209303.5413
E09;2022-4-1 04:00:00;16372570.8211;-4299036.84644;24289584.3201
E09;2022-4-1 04:00:30;16392678.7824;-4228828.65852;24288378.7288
E09;2022-4-1 04:01:00;16412945.6947;-4158670.58839;24286837.3832
E09;2022-4-1 04:01:30;16433371.1532;-4088563.96468;24284960.3053
E09;2022-4-1 04:02:00;16453954.746;-4018510.11379;24282747.5221
E09;2022-4-1 04:02:30;16474696.0539;-3948510.35979;24280199.065
E09;2022-4-1 04:03:00;16495594.6504;-3878566.02443;24277314.9701
E09;2022-4-1 04:03:30;16516650.1019;-3808678.42705;24274095.2781
E09;2022-4-1 04:04:00;16537861.9676;-3738848.88456;24270540.0344
E09;2022-4-1 04:04:30;16559229.7995;-3669078.71142;24266649.289
E09;2022-4-1 04:05:00;16580753.1424;-3599369.21955;24262423.0964
E09;2022-4-1 04:05:30;16602431.5342;-3529721.71831;24257861.5161
E09;2022-4-1 04:06:00;16624264.5052;-3460137.51447;24252964.6117
E09;2022-4-1 04:06:30;16646251.5791;-3390617.91213;24247732.4519
E09;2022-4-1 04:07:00;16668392.2722;-3321164.21273;24242165.1098
E09;2022-4-1 04:07:30;16690686.0938;-3251777.71495;24236262.6632
E09;2022-4-1 04:08:00;16713132.5462;-3182459.71471;24230025.1945
E09;2022-4-1 04:08:30;16735731.1245;-3113211.50511;24223452.7906
E09;2022-4-1 04:09:00;16758481.317;-3044034.37638;24216545.5434
E09;2022-4-1 04:09:30;16781382.6047;-2974929.61587;24209303.5489
E09;2022-4-1 04:00:00;16372570.7791;-4299037.10293;24289584.3421
E09;2022-4-1 04:00:30;16392678.7411;-4228828.91326;24288378.7516
E09;2022-4-1 04:01:00;16412945.654;-4158670.8414;24286837.4067
E09;2022-4-1 04:01:30;16433371.1132;-4088564.21598;24284960.3296
E09;2022-4-1 04:02:00;16453954.7067;-4018510.3634;24282747.5471
E09;2022-4-1 04:02:30;16474696.0152;-3948510.60772;24280199.0908
E09;2022-4-1 04:03:00;16495594.6124;-3878566.2707;24277314.9966
E09;2022-4-1 04:03:30;16516650.0646;-3808678.67167;24274095.3053
E09;2022-4-1 04:04:00;16537861.9309;-3738849.12757;24270540.0623
E09;2022-4-1 04:04:30;16559229.7635;-3669078.95282;24266649.3176
E09;2022-4-1 04:05:00;16580753.1071;-3599369.45936;24262423.1257
E09;2022-4-1 04:05:30;16602431.4994;-3529721.95655;24257861.546
E09;2022-4-1 04:06:00;16624264.4711;-3460137.75116;24252964.6423
E09;2022-4-1 04:06:30;16646251.5457;-3390618.14729;24247732.4831
E09;2022-4-1 04:07:00;16668392.2394;-3321164.44637;24242165.1416
E09;2022-4-1 04:07:30;16690686.0616;-3251777.9471;24236262.6956
E09;2022-4-1 04:08:00;16713132.5146;-3182459.94538;24230025.2275
E09;2022-4-1 04:08:30;16735731.0936;-3113211.73432;24223452.8243
E09;2022-4-1 04:09:00;16758481.2866;-3044034.60415;24216545.5776
E09;2022-4-1 04:09:30;16781382.575;-2974929.84222;24209303.5837
E09;2022-4-1 04:00:00;16372570.7501;-4299037.33621;24289584.3305
E09;2022-4-1 04:00:30;16392678.7125;-4228829.14486;24288378.7406
E09;2022-4-1 04:01:00;16412945.6259;-4158671.07133;24286837.3963
E09;2022-4-1 04:01:30;16433371.0856;-4088564.44427;24284960.3199
E09;2022-4-1 04:02:00;16453954.6796;-4018510.59006;24282747.538
E09;2022-4-1 04:02:30;16474695.9886;-3948510.83277;24280199.0822
E09;2022-4-1 04:03:00;16495594.5862;-3878566.49415;24277314.9886
E09;2022-4-1 04:03:30;16516650.0388;-3808678.89355;24274095.2979
E09;2022-4-1 04:04:00;16537861.9056;-3738849.34788;24270540.0555
E09;2022-4-1 04:04:30;16559229.7386;-3669079.17159;24266649.3113
E09;2022-4-1 04:05:00;16580753.0826;-3599369.67661;24262423.12
E09;2022-4-1 04:05:30;16602431.4753;-3529722.17229;24257861.5408
E09;2022-4-1 04:06:00;16624264.4474;-3460137.9654;24252964.6376
E09;2022-4-1 04:06:30;16646251.5223;-3390618.36006;24247732.479
E09;2022-4-1 04:07:00;16668392.2164;-3321164.65768;24242165.138
E09;2022-4-1 04:07:30;16690686.0391;-3251778.15696;24236262.6925
E09;2022-4-1 04:08:00;16713132.4924;-3182460.15382;24230025.2249
E09;2022-4-1 04:08:30;16735731.0717;-3113211.94135;24223452.8221
E09;2022-4-1 04:09:00;16758481.2651;-3044034.80979;24216545.5759
E09;2022-4-1 04:09:30;16781382.5538;-2974930.04648;24209303.5825
E09;2022-4-1 05:00:00;19750780.0782;3421437.89919;21791629.6331
E09;2022-4-1 05:00:30;19785197.1827;3477116.77677;21751578.4229
E09;2022-4-1 05:01:00;19819678.7784;3532613.51921;21711226.5868
E09;2022-4-1 05:01:30;19854223.7553;3587927.34553;21670574.6828
E09;2022-4-1 05:02:00;19888830.9996;3643057.48127;21629623.2728
E09;2022-4-1 05:02:30;19923499.3935;3698003.1585;21588372.923
E09;2022-4-1 05:03:00;19958227.8153;3752763.61585;21546824.2039
E09;2022-4-1 05:03:30;19993015.1394;3807338.09857;21504977.6897
E09;2022-4-1 05:04:00;20027860.2363;3861725.85849;21462833.9591
E09;2022-4-1 05:04:30;20062761.9729;3915926.15409;21420393.5947
E09;2022-4-1 05:05:00;20097719.2123;3969938.25053;21377657.1832
E09;2022-4-1 05:05:30;20132730.8138;4023761.4196;21334625.3154
E09;2022-4-1 05:06:00;20167795.6332;4077394.93985;21291298.5862
E09;2022-4-1 05:06:30;20202912.5224;4130838.09654;21247677.5947
E09;2022-4-1 05:07:00;20238080.33;4184090.18165;21203762.9438
E09;2022-4-1 05:07:30;20273297.901;4237150.49398;21159555.2406
E09;2022-4-1 05:08:00;20308564.0767;4290018.33909;21115055.0963
E09;2022-4-1 05:08:30;20343877.6951;4342693.02937;21070263.126
E09;2022-4-1 05:09:00;20379237.5908;4395173.88404;21025179.9489
E09;2022-4-1 05:09:30;20414642.5949;4447460.22918;20979806.1883
E09;2022-4-1 05:00:00;19750780.0694;3421437.69593;21791629.7032
E09;2022-4-1 05:00:30;19785197.174;3477116.57402;21751578.4932
E09;2022-4-1 05:01:00;19819678.7698;3532613.31696;21711226.6574
E09;2022-4-1 05:01:30;19854223.7469;3587927.14377;21670574.7535
E09;2022-4-1 05:02:00;19888830.9913;3643057.27998;21629623.3438
E09;2022-4-1 05:02:30;19923499.3854;3698002.95768;21588372.9942
E09;2022-4-1 05:03:00;19958227.8072;3752763.4155;21546824.2753
E09;2022-4-1 05:03:30;19993015.1314;3807337.89868;21504977.7614
E09;2022-4-1 05:04:00;20027860.2284;3861725.65905;21462834.031
E09;2022-4-1 05:04:30;20062761.9651;3915925.9551;21420393.6667
E09;2022-4-1 05:05:00;20097719.2046;3969938.05196;21377657.2554
E09;2022-4-1 05:05:30;20132730.8062;4023761.22147;21334625.3879
E09;2022-4-1 05:06:00;20167795.6257;4077394.74214;21291298.6589
E09;2022-4-1 05:06:30;20202912.515;4130837.89924;21247677.6676
E09;2022-4-1 05:07:00;20238080.3227;4184089.98477;21203763.0169
E09;2022-4-1 05:07:30;20273297.8938;4237150.2975;21159555.314
E09;2022-4-1 05:08:00;20308564.0695;4290018.143;21115055.1699
E09;2022-4-1 05:08:30;20343877.688;4342692.83367;21070263.1998
E09;2022-4-1 05:09:00;20379237.5838;4395173.68872;21025180.0229
E09;2022-4-1 05:09:30;20414642.5879;4447460.03423;20979806.2625
E09;2022-4-1 05:00:00;19750779.9691;3421437.42472;21791629.8153
E09;2022-4-1 05:00:30;19785197.0745;3477116.30362;21751578.6058
E09;2022-4-1 05:01:00;19819678.671;3532613.04736;21711226.7704
E09;2022-4-1 05:01:30;19854223.6488;3587926.87496;21670574.867
E09;2022-4-1 05:02:00;19888830.894;3643057.01195;21629623.4577
E09;2022-4-1 05:02:30;19923499.2887;3698002.69042;21588373.1087
E09;2022-4-1 05:03:00;19958227.7113;3752763.149;21546824.3901
E09;2022-4-1 05:03:30;19993015.0361;3807337.63292;21504977.8766
E09;2022-4-1 05:04:00;20027860.1338;3861725.39402;21462834.1466
E09;2022-4-1 05:04:30;20062761.8712;3915925.6908;21420393.7828
E09;2022-4-1 05:05:00;20097719.1114;3969937.78838;21377657.3718
E09;2022-4-1 05:05:30;20132730.7136;4023760.95859;21334625.5046
E09;2022-4-1 05:06:00;20167795.5337;4077394.47995;21291298.776
E09;2022-4-1 05:06:30;20202912.4236;4130837.63773;21247677.7851
E09;2022-4-1 05:07:00;20238080.2319;4184089.72393;21203763.1347
E09;2022-4-1 05:07:30;20273297.8036;4237150.03732;21159555.432
E09;2022-4-1 05:08:00;20308563.9799;4290017.88348;21115055.2882
E09;2022-4-1 05:08:30;20343877.599;4342692.57479;21070263.3184
E09;2022-4-1 05:09:00;20379237.4953;4395173.43047;21025180.1418
E09;2022-4-1 05:09:30;20414642.5;4447459.7766;20979806.3816
E09;2022-4-1 05:00:00;19750779.9085;3421437.36;21791629.8595
E09;2022-4-1 05:00:30;19785197.0144;3477116.23896;21751578.6511
E09;2022-4-1 05:01:00;19819678.6115;3532612.98276;21711226.8168
E09;2022-4-1 05:01:30;19854223.5899;3587926.81042;21670574.9144
E09;2022-4-1 05:02:00;19888830.8355;3643056.94747;21629623.5061
E09;2022-4-1 05:02:30;19923499.2308;3698002.62599;21588373.1581
E09;2022-4-1 05:03:00;19958227.6538;3752763.08462;21546824.4405
E09;2022-4-1 05:03:30;19993014.9792;3807337.5686;21504977.928
E09;2022-4-1 05:04:00;20027860.0774;3861725.32976;21462834.1989
E09;2022-4-1 05:04:30;20062761.8152;3915925.62658;21420393.836
E09;2022-4-1 05:05:00;20097719.0558;3969937.72421;21377657.426
E09;2022-4-1 05:05:30;20132730.6585;4023760.89446;21334625.5597
E09;2022-4-1 05:06:00;20167795.479;4077394.41587;21291298.832
E09;2022-4-1 05:06:30;20202912.3694;4130837.5737;21247677.8419
E09;2022-4-1 05:07:00;20238080.1781;4184089.65994;21203763.1924
E09;2022-4-1 05:07:30;20273297.7501;4237149.97337;21159555.4906
E09;2022-4-1 05:08:00;20308563.9269;4290017.81957;21115055.3476
E09;2022-4-1 05:08:30;20343877.5464;4342692.51092;21070263.3787
E09;2022-4-1 05:09:00;20379237.4431;4395173.36664;21025180.2029
E09;2022-4-1 05:09:30;20414642.4482;4447459.71281;20979806.4435
E09;2022-4-1 05:00:00;19750779.8651;3421437.12527;21791629.8656
E09;2022-4-1 05:00:30;19785196.9721;3477116.00425;21751578.6594
E09;2022-4-1 05:01:00;19819678.5702;3532612.74808;21711226.8272
E09;2022-4-1 05:01:30;19854223.5496;3587926.57578;21670574.927
E09;2022-4-1 05:02:00;19888830.7962;3643056.71287;21629623.5208
E09;2022-4-1 05:02:30;19923499.1924;3698002.39144;21588373.1748
E09;2022-4-1 05:03:00;19958227.6164;3752762.85013;21546824.4593
E09;2022-4-1 05:03:30;19993014.9427;3807337.33416;21504977.9487
E09;2022-4-1 05:04:00;20027860.0417;3861725.09539;21462834.2217
E09;2022-4-1 05:04:30;20062761.7805;3915925.39228;21420393.8607
E09;2022-4-1 05:05:00;20097719.0219;3969937.48999;21377657.4527
E09;2022-4-1 05:05:30;20132730.6255;4023760.66033;21334625.5883
E09;2022-4-1 05:06:00;20167795.4468;4077394.18183;21291298.8625
E09;2022-4-1 05:06:30;20202912.338;4130837.33975;21247677.8742
E09;2022-4-1 05:07:00;20238080.1475;4184089.42609;21203763.2266
E09;2022-4-1 05:07:30;20273297.7203;4237149.73964;21159555.5266
E09;2022-4-1 05:08:00;20308563.8978;4290017.58595;21115055.3854
E09;2022-4-1 05:08:30;20343877.518;4342692.27742;21070263.4182
E09;2022-4-1 05:09:00;20379237.4155;4395173.13326;21025180.2441
E09;2022-4-1 05:09:30;20414642.4212;4447459.47957;20979806.4865
E09;2022-4-1 06:00:00;24004703.0316;8640415.20561;15028044.7826
E09;2022-4-1 06:00:30;24038155.9514;8670645.42695;14956991.0769
E09;2022-4-1 06:01:00;24071523.4992;8700651.14658;14885730.6477
E09;2022-4-1 06:01:30;24104804.3912;8730432.46967;14814264.4797
E09;2022-4-1 06:02:00;24137997.3449;8759989.50907;14742593.5605
E09;2022-4-1 06:02:30;24171101.0789;8789322.38521;14670718.8804
E09;2022-4-1 06:03:00;24204114.3136;8818431.22619;14598641.4326
E09;2022-4-1 06:03:30;24237035.7702;8847316.16771;14526362.2131
E09;2022-4-1 06:04:00;24269864.1719;8875977.35306;14453882.2206
E09;2022-4-1 06:04:30;24302598.2429;8904414.93318;14381202.4567
E09;2022-4-1 06:05:00;24335236.7093;8932629.06656;14308323.9258
E09;2022-4-1 06:05:30;24367778.2985;8960619.91931;14235247.6348
E09;2022-4-1 06:06:00;24400221.7397;8988387.66509;14161974.5936
E09;2022-4-1 06:06:30;24432565.7636;9015932.48516;14088505.8146
E09;2022-4-1 06:07:00;24464809.1028;9043254.56831;14014842.3132
E09;2022-4-1 06:07:30;24496950.4914;9070354.11092;13940985.1071
E09;2022-4-1 06:08:00;24528988.6655;9097231.31686;13866935.2171
E09;2022-4-1 06:08:30;24560922.363;9123886.39759;13792693.6662
E09;2022-4-1 06:09:00;24592750.3235;9150319.57204;13718261.4805
E09;2022-4-1 06:09:30;24624471.2888;9176531.0667;13643639.6884
E09;2022-4-1 06:00:00;24004703.0608;8640415.09238;15028044.8684
E09;2022-4-1 06:00:30;24038155.9805;8670645.31354;14956991.1634
E09;2022-4-1 06:01:00;24071523.5282;8700651.03299;14885730.7349
E09;2022-4-1 06:01:30;24104804.4201;8730432.35593;14814264.5675
E09;2022-4-1 06:02:00;24137997.3736;8759989.39517;14742593.6489
E09;2022-4-1 06:02:30;24171101.1076;8789322.27118;14670718.9694
E09;2022-4-1 06:03:00;24204114.3421;8818431.11202;14598641.5222
E09;2022-4-1 06:03:30;24237035.7986;8847316.05341;14526362.3032
E09;2022-4-1 06:04:00;24269864.2001;8875977.23866;14453882.3113
E09;2022-4-1 06:04:30;24302598.2709;8904414.81867;14381202.548
E09;2022-4-1 06:05:00;24335236.7371;8932628.95196;14308324.0176
E09;2022-4-1 06:05:30;24367778.3262;8960619.80462;14235247.7271
E09;2022-4-1 06:06:00;24400221.7672;8988387.55033;14161974.6864
E09;2022-4-1 06:06:30;24432565.7909;9015932.37033;14088505.9079
E09;2022-4-1 06:07:00;24464809.1299;9043254.45343;14014842.407
E09;2022-4-1 06:07:30;24496950.5184;9070353.99599;13940985.2014
E09;2022-4-1 06:08:00;24528988.6923;9097231.2019;13866935.3117
E09;2022-4-1 06:08:30;24560922.3895;9123886.28259;13792693.7613
E09;2022-4-1 06:09:00;24592750.3499;9150319.45703;13718261.576
E09;2022-4-1 06:09:30;24624471.3149;9176530.95167;13643639.7844
E09;2022-4-1 06:00:00;24004702.9751;8640414.7748;15028045.144
E09;2022-4-1 06:00:30;24038155.8965;8670644.99479;14956991.4419
E09;2022-4-1 06:01:00;24071523.4458;8700650.7131;14885731.0163
E09;2022-4-1 06:01:30;24104804.3392;8730432.03492;14814264.8519
E09;2022-4-1 06:02:00;24137997.2943;8759989.07306;14742593.9361
E09;2022-4-1 06:02:30;24171101.0297;8789321.94799;14670719.2593
E09;2022-4-1 06:03:00;24204114.2657;8818430.78778;14598641.8148
E09;2022-4-1 06:03:30;24237035.7236;8847315.72814;14526362.5984
E09;2022-4-1 06:04:00;24269864.1265;8875976.91237;14453882.6091
E09;2022-4-1 06:04:30;24302598.1988;8904414.4914;14381202.8483
E09;2022-4-1 06:05:00;24335236.6664;8932628.62372;14308324.3204
E09;2022-4-1 06:05:30;24367778.2568;8960619.47544;14235248.0324
E09;2022-4-1 06:06:00;24400221.6991;8988387.22023;14161974.994
E09;2022-4-1 06:06:30;24432565.7241;9015932.03934;14088506.2179
E09;2022-4-1 06:07:00;24464809.0644;9043254.12157;14014842.7192
E09;2022-4-1 06:07:30;24496950.4541;9070353.66327;13940985.5158
E09;2022-4-1 06:08:00;24528988.6292;9097230.86835;13866935.6284
E09;2022-4-1 06:08:30;24560922.3277;9123885.94824;13792694.0801
E09;2022-4-1 06:09:00;24592750.2892;9150319.1219;13718261.8968
E09;2022-4-1 06:09:30;24624471.2554;9176530.61578;13643640.1072
E09;2022-4-1 06:00:00;24004702.95;8640414.71691;15028045.1694
E09;2022-4-1 06:00:30;24038155.8726;8670644.93607;14956991.4697
E09;2022-4-1 06:01:00;24071523.4232;8700650.65356;14885731.0463
E09;2022-4-1 06:01:30;24104804.318;8730431.97457;14814264.884
E09;2022-4-1 06:02:00;24137997.2743;8759989.01191;14742593.9704
E09;2022-4-1 06:02:30;24171101.0109;8789321.88605;14670719.2958
E09;2022-4-1 06:03:00;24204114.2481;8818430.72506;14598641.8534
E09;2022-4-1 06:03:30;24237035.7072;8847315.66464;14526362.6391
E09;2022-4-1 06:04:00;24269864.1113;8875976.84811;14453882.6519
E09;2022-4-1 06:04:30;24302598.1847;8904414.42638;14381202.8931
E09;2022-4-1 06:05:00;24335236.6533;8932628.55796;14308324.3671
E09;2022-4-1 06:05:30;24367778.2448;8960619.40894;14235248.0811
E09;2022-4-1 06:06:00;24400221.6881;8988387.153;14161975.0446
E09;2022-4-1 06:06:30;24432565.7142;9015931.97139;14088506.2704
E09;2022-4-1 06:07:00;24464809.0554;9043254.05291;14014842.7736
E09;2022-4-1 06:07:30;24496950.446;9070353.59391;13940985.572
E09;2022-4-1 06:08:00;24528988.6221;9097230.7983;13866935.6864
E09;2022-4-1 06:08:30;24560922.3215;9123885.87751;13792694.1399
E09;2022-4-1 06:09:00;24592750.2839;9150319.05049;13718261.9584
E09;2022-4-1 06:09:30;24624471.251;9176530.54372;13643640.1705
E09;2022-4-1 06:00:00;24004702.8632;8640414.68606;15028045.1398
E09;2022-4-1 06:00:30;24038155.788;8670644.90411;14956991.4435
E09;2022-4-1 06:01:00;24071523.3407;8700650.6205;14885731.0236
E09;2022-4-1 06:01:30;24104804.2374;8730431.9404;14814264.8647
E09;2022-4-1 06:02:00;24137997.1957;8759988.97665;14742593.9544
E09;2022-4-1 06:02:30;24171100.9344;8789321.8497;14670719.2831
E09;2022-4-1 06:03:00;24204114.1735;8818430.68763;14598641.844
E09;2022-4-1 06:03:30;24237035.6345;8847315.62614;14526362.6329
E09;2022-4-1 06:04:00;24269864.0405;8875976.80855;14453882.6489
E09;2022-4-1 06:04:30;24302598.1157;8904414.38576;14381202.8932
E09;2022-4-1 06:05:00;24335236.5862;8932628.51628;14308324.3704
E09;2022-4-1 06:05:30;24367778.1795;8960619.36622;14235248.0874
E09;2022-4-1 06:06:00;24400221.6246;8988387.10925;14161975.054
E09;2022-4-1 06:06:30;24432565.6524;9015931.92661;14088506.2828
E09;2022-4-1 06:07:00;24464808.9954;9043254.0071;14014842.7889
E09;2022-4-1 06:07:30;24496950.3877;9070353.54709;13940985.5903
E09;2022-4-1 06:08:00;24528988.5655;9097230.75048;13866935.7075
E09;2022-4-1 06:08:30;24560922.2665;9123885.8287;13792694.1638
E09;2022-4-1 06:09:00;24592750.2305;9150319.00069;13718261.9851
E09;2022-4-1 06:09:30;24624471.1992;9176530.49294;13643640.2
E09;2022-4-1 07:00:00;27067601.1245;10755182.4008;5322769.71612
E09;2022-4-1 07:00:30;27082351.8151;10761265.3044;5234619.94773
E09;2022-4-1 07:01:00;27096884.0494;10767186.9132;5146397.81672
E09;2022-4-1 07:01:30;27111196.9916;10772948.131;5058104.54252
E09;2022-4-1 07:02:00;27125289.8118;10778549.8668;4969741.34554
E09;2022-4-1 07:02:30;27139161.6862;10783993.0346;4881309.44717
E09;2022-4-1 07:03:00;27152811.7968;10789278.5533;4792810.06974
E09;2022-4-1 07:03:30;27166239.3317;10794407.3469;4704244.43654
E09;2022-4-1 07:04:00;27179443.4851;10799380.3444;4615613.77176
E09;2022-4-1 07:04:30;27192423.4574;10804198.4796;4526919.30051
E09;2022-4-1 07:05:00;27205178.4549;10808862.6913;4438162.24877
E09;2022-4-1 07:05:30;27217707.6902;10813373.9231;4349343.84341
E09;2022-4-1 07:06:00;27230010.382;10817733.1234;4260465.31213
E09;2022-4-1 07:06:30;27242085.7552;10821941.2453;4171527.88349
E09;2022-4-1 07:07:00;27253933.0411;10825999.2469;4082532.78685
E09;2022-4-1 07:07:30;27265551.4769;10829908.0907;3993481.25239
E09;2022-4-1 07:08:00;27276940.3065;10833668.744;3904374.51106
E09;2022-4-1 07:08:30;27288098.7798;10837282.1788;3815213.79458
E09;2022-4-1 07:09:00;27299026.1533;10840749.3715;3726000.33543
E09;2022-4-1 07:09:30;27309721.6896;10844071.3034;3636735.36681
E09;2022-4-1 07:00:00;27067601.1775;10755182.3026;5322769.84043
E09;2022-4-1 07:00:30;27082351.8685;10761265.2057;5234620.0732
E09;2022-4-1 07:01:00;27096884.1032;10767186.8139;5146397.94333
E09;2022-4-1 07:01:30;27111197.0458;10772948.0313;5058104.67025
E09;2022-4-1 07:02:00;27125289.8664;10778549.7666;4969741.47437
E09;2022-4-1 07:02:30;27139161.7412;10783992.9339;4881309.57707
E09;2022-4-1 07:03:00;27152811.8521;10789278.4521;4792810.2007
E09;2022-4-1 07:03:30;27166239.3874;10794407.2453;4704244.56853
E09;2022-4-1 07:04:00;27179443.5413;10799380.2423;4615613.90477
E09;2022-4-1 07:04:30;27192423.5139;10804198.3771;4526919.43451
E09;2022-4-1 07:05:00;27205178.5118;10808862.5884;4438162.38374
E09;2022-4-1 07:05:30;27217707.7474;10813373.8198;4349343.97933
E09;2022-4-1 07:06:00;27230010.4395;10817733.0197;4260465.44899
E09;2022-4-1 07:06:30;27242085.8131;10821941.1413;4171528.02126
E09;2022-4-1 07:07:00;27253933.0992;10825999.1425;4082532.92552
E09;2022-4-1 07:07:30;27265551.5354;10829907.9859;3993481.39193
E09;2022-4-1 07:08:00;27276940.3652;10833668.6388;3904374.65146
E09;2022-4-1 07:08:30;27288098.8389;10837282.0733;3815213.93581
E09;2022-4-1 07:09:00;27299026.2126;10840749.2657;3726000.47748
E09;2022-4-1 07:09:30;27309721.7492;10844071.1973;3636735.50967
E09;2022-4-1 07:00:00;27067601.1695;10755182.145;5322769.94125
E09;2022-4-1 07:00:30;27082351.8617;10761265.0474;5234620.17612
E09;2022-4-1 07:01:00;27096884.0977;10767186.655;5146398.0483
E09;2022-4-1 07:01:30;27111197.0415;10772947.8717;5058104.77722
E09;2022-4-1 07:02:00;27125289.8634;10778549.6064;4969741.5833
E09;2022-4-1 07:02:30;27139161.7393;10783992.773;4881309.68792
E09;2022-4-1 07:03:00;27152811.8514;10789278.2907;4792810.31343
E09;2022-4-1 07:03:30;27166239.3878;10794407.0832;4704244.6831
E09;2022-4-1 07:04:00;27179443.5427;10799380.0797;4615614.02113
E09;2022-4-1 07:04:30;27192423.5165;10804198.214;4526919.55262
E09;2022-4-1 07:05:00;27205178.5154;10808862.4247;4438162.50357
E09;2022-4-1 07:05:30;27217707.752;10813373.6556;4349344.10083
E09;2022-4-1 07:06:00;27230010.4452;10817732.8549;4260465.57211
E09;2022-4-1 07:06:30;27242085.8197;10821940.976;4171528.14597
E09;2022-4-1 07:07:00;27253933.1068;10825998.9767;4082533.05177
E09;2022-4-1 07:07:30;27265551.5439;10829907.8196;3993481.51969
E09;2022-4-1 07:08:00;27276940.3747;10833668.4721;3904374.78068
E09;2022-4-1 07:08:30;27288098.8493;10837281.9061;3815214.06646
E09;2022-4-1 07:09:00;27299026.2239;10840749.0981;3726000.60951
E09;2022-4-1 07:09:30;27309721.7613;10844071.0293;3636735.64304
E09;2022-4-1 07:00:00;27067601.1679;10755182.0572;5322770.02122
E09;2022-4-1 07:00:30;27082351.8611;10761264.9591;5234620.25761
E09;2022-4-1 07:01:00;27096884.098;10767186.5662;5146398.1313
E09;2022-4-1 07:01:30;27111197.0428;10772947.7823;5058104.86171
E09;2022-4-1 07:02:00;27125289.8656;10778549.5165;4969741.66927
E09;2022-4-1 07:02:30;27139161.7424;10783992.6826;4881309.77536
E09;2022-4-1 07:03:00;27152811.8554;10789278.1997;4792810.40232
E09;2022-4-1 07:03:30;27166239.3928;10794406.9918;4704244.77343
E09;2022-4-1 07:04:00;27179443.5486;10799379.9878;4615614.11288
E09;2022-4-1 07:04:30;27192423.5233;10804198.1215;4526919.64579
E09;2022-4-1 07:05:00;27205178.5231;10808862.3318;4438162.59813
E09;2022-4-1 07:05:30;27217707.7607;10813373.5621;4349344.19678
E09;2022-4-1 07:06:00;27230010.4547;10817732.761;4260465.66943
E09;2022-4-1 07:06:30;27242085.8301;10821940.8816;4171528.24465
E09;2022-4-1 07:07:00;27253933.1181;10825998.8819;4082533.1518
E09;2022-4-1 07:07:30;27265551.5561;10829907.7243;3993481.62104
E09;2022-4-1 07:08:00;27276940.3878;10833668.3764;3904374.88335
E09;2022-4-1 07:08:30;27288098.8632;10837281.8099;3815214.17043
E09;2022-4-1 07:09:00;27299026.2387;10840749.0015;3726000.71477
E09;2022-4-1 07:09:30;27309721.777;10844070.9322;3636735.74958
E09;2022-4-1 07:00:00;27067601.1598;10755181.9715;5322770.14299
E09;2022-4-1 07:00:30;27082351.8537;10761264.8728;5234620.38041
E09;2022-4-1 07:01:00;27096884.0913;10767186.4794;5146398.25512
E09;2022-4-1 07:01:30;27111197.0368;10772947.695;5058104.98654
E09;2022-4-1 07:02:00;27125289.8602;10778549.4287;4969741.79509
E09;2022-4-1 07:02:30;27139161.7378;10783992.5943;4881309.90216
E09;2022-4-1 07:03:00;27152811.8515;10789278.1109;4792810.53009
E09;2022-4-1 07:03:30;27166239.3895;10794406.9025;4704244.90216
E09;2022-4-1 07:04:00;27179443.546;10799379.898;4615614.24256
E09;2022-4-1 07:04:30;27192423.5213;10804198.0313;4526919.77639
E09;2022-4-1 07:05:00;27205178.5219;10808862.2411;4438162.72966
E09;2022-4-1 07:05:30;27217707.7601;10813373.471;4349344.32921
E09;2022-4-1 07:06:00;27230010.4548;10817732.6695;4260465.80276
E09;2022-4-1 07:06:30;27242085.8309;10821940.7897;4171528.37886
E09;2022-4-1 07:07:00;27253933.1196;10825998.7895;4082533.28687
E09;2022-4-1 07:07:30;27265551.5583;10829907.6315;3993481.75698
E09;2022-4-1 07:08:00;27276940.3906;10833668.2832;3904375.02012
E09;2022-4-1 07:08:30;27288098.8667;10837281.7164;3815214.30804
E09;2022-4-1 07:09:00;27299026.2429;10840748.9075;3726000.8532
E09;2022-4-1 07:09:30;27309721.7818;10844070.8379;3636735.88881
E09;2022-4-1 08:00:00;27096868.4017;10622049.6845;-5424535.0082
E09;2022-4-1 08:00:30;27081307.9461;10616350.3752;-5512524.15454
E09;2022-4-1 08:01:00;27065477.6815;10610623.7716;-5600437.074
E09;2022-4-1 08:01:30;27049377.6334;10604871.1057;-5688272.55074
E09;2022-4-1 08:02:00;27033007.835;10599093.6093;-5776029.36996
E09;2022-4-1 08:02:30;27016368.3274;10593292.5144;-5863706.31798
E09;2022-4-1 08:03:00;26999459.1596;10587469.0531;-5951302.18219
E09;2022-4-1 08:03:30;26982280.3883;10581624.4574;-6038815.75109
E09;2022-4-1 08:04:00;26964832.0781;10575759.9591;-6126245.81432
E09;2022-4-1 08:04:30;26947114.3015;10569876.79;-6213591.16269
E09;2022-4-1 08:05:00;26929127.1386;10563976.1817;-6300850.58814
E09;2022-4-1 08:05:30;26910870.6775;10558059.3658;-6388022.88381
E09;2022-4-1 08:06:00;26892345.0141;10552127.5732;-6475106.84405
E09;2022-4-1 08:06:30;26873550.2521;10546182.035;-6562101.26439
E09;2022-4-1 08:07:00;26854486.5031;10540223.9815;-6649004.94162
E09;2022-4-1 08:07:30;26835153.8863;10534254.6429;-6735816.67378
E09;2022-4-1 08:08:00;26815552.5289;10528275.2489;-6822535.26016
E09;2022-4-1 08:08:30;26795682.5659;10522287.0287;-6909159.50134
E09;2022-4-1 08:09:00;26775544.14;10516291.211;-6995688.1992
E09;2022-4-1 08:09:30;26755137.4019;10510289.0238;-7082120.15692
E09;2022-4-1 08:00:00;27096868.4121;10622049.6319;-5424534.88391
E09;2022-4-1 08:00:30;27081307.9569;10616350.3227;-5512524.03011
E09;2022-4-1 08:01:00;27065477.6927;10610623.7194;-5600436.94944
E09;2022-4-1 08:01:30;27049377.645;10604871.0536;-5688272.42604
E09;2022-4-1 08:02:00;27033007.847;10599093.5575;-5776029.24514
E09;2022-4-1 08:02:30;27016368.3399;10593292.4628;-5863706.19303
E09;2022-4-1 08:03:00;26999459.1725;10587469.0017;-5951302.0571
E09;2022-4-1 08:03:30;26982280.4017;10581624.4062;-6038815.62588
E09;2022-4-1 08:04:00;26964832.0919;10575759.9081;-6126245.68899
E09;2022-4-1 08:04:30;26947114.3157;10569876.7392;-6213591.03724
E09;2022-4-1 08:05:00;26929127.1533;10563976.1312;-6300850.46258
E09;2022-4-1 08:05:30;26910870.6926;10558059.3155;-6388022.75814
E09;2022-4-1 08:06:00;26892345.0297;10552127.5232;-6475106.71826
E09;2022-4-1 08:06:30;26873550.2682;10546181.9852;-6562101.13849
E09;2022-4-1 08:07:00;26854486.5196;10540223.9319;-6649004.81562
E09;2022-4-1 08:07:30;26835153.9032;10534254.5936;-6735816.54768
E09;2022-4-1 08:08:00;26815552.5463;10528275.1999;-6822535.13396
E09;2022-4-1 08:08:30;26795682.5838;10522286.9799;-6909159.37504
E09;2022-4-1 08:09:00;26775544.1584;10516291.1624;-6995688.07279
E09;2022-4-1 08:09:30;26755137.4208;10510288.9755;-7082120.03042
E09;2022-4-1 08:00:00;27096868.5391;10622049.4996;-5424534.59487
E09;2022-4-1 08:00:30;27081308.0839;10616350.1903;-5512523.74122
E09;2022-4-1 08:01:00;27065477.8198;10610623.5868;-5600436.6607
E09;2022-4-1 08:01:30;27049377.7721;10604870.921;-5688272.13747
E09;2022-4-1 08:02:00;27033007.9742;10599093.4247;-5776028.95674
E09;2022-4-1 08:02:30;27016368.4672;10593292.3299;-5863705.90482
E09;2022-4-1 08:03:00;26999459.3;10587468.8687;-5951301.76909
E09;2022-4-1 08:03:30;26982280.5294;10581624.2731;-6038815.33807
E09;2022-4-1 08:04:00;26964832.2198;10575759.7749;-6126245.4014
E09;2022-4-1 08:04:30;26947114.4439;10569876.606;-6213590.74987
E09;2022-4-1 08:05:00;26929127.2817;10563975.9979;-6300850.17543
E09;2022-4-1 08:05:30;26910870.8214;10558059.1821;-6388022.47123
E09;2022-4-1 08:06:00;26892345.1588;10552127.3898;-6475106.43161
E09;2022-4-1 08:06:30;26873550.3976;10546181.8517;-6562100.8521
E09;2022-4-1 08:07:00;26854486.6494;10540223.7984;-6649004.52949
E09;2022-4-1 08:07:30;26835154.0335;10534254.4601;-6735816.26183
E09;2022-4-1 08:08:00;26815552.6771;10528275.0663;-6822534.84839
E09;2022-4-1 08:08:30;26795682.715;10522286.8463;-6909159.08977
E09;2022-4-1 08:09:00;26775544.2901;10516291.0288;-6995687.78783
E09;2022-4-1 08:09:30;26755137.553;10510288.8418;-7082119.74577
E09;2022-4-1 08:00:00;27096868.5767;10622049.4268;-5424534.52805
E09;2022-4-1 08:00:30;27081308.1203;10616350.1174;-5512523.6745
E09;2022-4-1 08:01:00;27065477.855;10610623.5139;-5600436.5941
E09;2022-4-1 08:01:30;27049377.8063;10604870.848;-5688272.07099
E09;2022-4-1 08:02:00;27033008.0074;10599093.3517;-5776028.8904
E09;2022-4-1 08:02:30;27016368.4993;10593292.257;-5863705.83861
E09;2022-4-1 08:03:00;26999459.3312;10587468.7959;-5951301.70302
E09;2022-4-1 08:03:30;26982280.5595;10581624.2003;-6038815.27215
E09;2022-4-1 08:04:00;26964832.2491;10575759.7021;-6126245.33563
E09;2022-4-1 08:04:30;26947114.4722;10569876.5333;-6213590.68427
E09;2022-4-1 08:05:00;26929127.3092;10563975.9253;-6300850.11
E09;2022-4-1 08:05:30;26910870.848;10558059.1096;-6388022.40598
E09;2022-4-1 08:06:00;26892345.1846;10552127.3173;-6475106.36653
E09;2022-4-1 08:06:30;26873550.4227;10546181.7794;-6562100.78721
E09;2022-4-1 08:07:00;26854486.6737;10540223.7262;-6649004.4648
E09;2022-4-1 08:07:30;26835154.0571;10534254.388;-6735816.19733
E09;2022-4-1 08:08:00;26815552.6999;10528274.9944;-6822534.7841
E09;2022-4-1 08:08:30;26795682.7372;10522286.7745;-6909159.02569
E09;2022-4-1 08:09:00;26775544.3116;10516290.9572;-6995687.72397
E09;2022-4-1 08:09:30;26755137.5738;10510288.7704;-7082119.68213
E09;2022-4-1 08:00:00;27096868.6611;10622049.4121;-5424534.43346
E09;2022-4-1 08:00:30;27081308.2024;10616350.1024;-5512523.58009
E09;2022-4-1 08:01:00;27065477.9349;10610623.4986;-5600436.49987
E09;2022-4-1 08:01:30;27049377.884;10604870.8325;-5688271.97695
E09;2022-4-1 08:02:00;27033008.0829;10599093.336;-5776028.79654
E09;2022-4-1 08:02:30;27016368.5727;10593292.241;-5863705.74495
E09;2022-4-1 08:03:00;26999459.4024;10587468.7796;-5951301.60956
E09;2022-4-1 08:03:30;26982280.6288;10581624.1838;-6038815.17889
E09;2022-4-1 08:04:00;26964832.3163;10575759.6855;-6126245.24259
E09;2022-4-1 08:04:30;26947114.5375;10569876.5165;-6213590.59143
E09;2022-4-1 08:05:00;26929127.3725;10563975.9083;-6300850.01738
E09;2022-4-1 08:05:30;26910870.9095;10558059.0925;-6388022.31358
E09;2022-4-1 08:06:00;26892345.2442;10552127.3001;-6475106.27435
E09;2022-4-1 08:06:30;26873550.4805;10546181.762;-6562100.69526
E09;2022-4-1 08:07:00;26854486.7298;10540223.7088;-6649004.37308
E09;2022-4-1 08:07:30;26835154.1114;10534254.3704;-6735816.10585
E09;2022-4-1 08:08:00;26815552.7525;10528274.9767;-6822534.69286
E09;2022-4-1 08:08:30;26795682.7882;10522286.7569;-6909158.93468
E09;2022-4-1 08:09:00;26775544.361;10516290.9394;-6995687.63321
E09;2022-4-1 08:09:30;26755137.6216;10510288.7526;-7082119.59163
E09;2022-4-1 09:00:00;23373679.8529;10081520.1074;-15109392.6051
E09;2022-4-1 09:00:30;23328072.7908;10081003.6437;-15179986.7143
E09;2022-4-1 09:01:00;23282252.7236;10080596.0184;-15250370.8499
E09;2022-4-1 09:01:30;23236220.543;10080298.1647;-15320544.0379
E09;2022-4-1 09:02:00;23189977.1469;10080111.0111;-15390505.307
E09;2022-4-1 09:02:30;23143523.439;10080035.4811;-15460253.6888
E09;2022-4-1 09:03:00;23096860.3291;10080072.493;-15529788.2182
E09;2022-4-1 09:03:30;23049988.7327;10080222.9604;-15599107.9326
E09;2022-4-1 09:04:00;23002909.5713;10080487.7917;-15668211.8727
E09;2022-4-1 09:04:30;22955623.7722;10080867.8902;-15737099.0819
E09;2022-4-1 09:05:00;22908132.2686;10081364.1542;-15805768.6068
E09;2022-4-1 09:05:30;22860435.9995;10081977.4768;-15874219.497
E09;2022-4-1 09:06:00;22812535.9094;10082708.7458;-15942450.8051
E09;2022-4-1 09:06:30;22764432.9487;10083558.844;-16010461.5865
E09;2022-4-1 09:07:00;22716128.0737;10084528.6487;-16078250.9001
E09;2022-4-1 09:07:30;22667622.2459;10085619.0322;-16145817.8074
E09;2022-4-1 09:08:00;22618916.4328;10086830.8614;-16213161.3732
E09;2022-4-1 09:08:30;22570011.6073;10088164.9977;-16280280.6655
E09;2022-4-1 09:09:00;22520908.748;10089622.2972;-16347174.7551
E09;2022-4-1 09:09:30;22471608.8388;10091203.6107;-16413842.7161
E09;2022-4-1 09:00:00;23373680.0113;10081519.9686;-15109392.4278
E09;2022-4-1 09:00:30;23328072.95;10081003.5049;-15179986.5373
E09;2022-4-1 09:01:00;23282252.8835;10080595.8796;-15250370.6733
E09;2022-4-1 09:01:30;23236220.7038;10080298.026;-15320543.8616
E09;2022-4-1 09:02:00;23189977.3084;10080110.8724;-15390505.1311
E09;2022-4-1 09:02:30;23143523.6014;10080035.3424;-15460253.5133
E09;2022-4-1 09:03:00;23096860.4922;10080072.3544;-15529788.0431
E09;2022-4-1 09:03:30;23049988.8966;10080222.8218;-15599107.7579
E09;2022-4-1 09:04:00;23002909.7361;10080487.6532;-15668211.6983
E09;2022-4-1 09:04:30;22955623.9379;10080867.7518;-15737098.908
E09;2022-4-1 09:05:00;22908132.4351;10081364.0158;-15805768.4333
E09;2022-4-1 09:05:30;22860436.1668;10081977.3385;-15874219.324
E09;2022-4-1 09:06:00;22812536.0776;10082708.6076;-15942450.6324
E09;2022-4-1 09:06:30;22764433.1179;10083558.7058;-16010461.4143
E09;2022-4-1 09:07:00;22716128.2437;10084528.5106;-16078250.7283
E09;2022-4-1 09:07:30;22667622.4169;10085618.8942;-16145817.636
E09;2022-4-1 09:08:00;22618916.6047;10086830.7234;-16213161.2023
E09;2022-4-1 09:08:30;22570011.7801;10088164.8598;-16280280.495
E09;2022-4-1 09:09:00;22520908.9217;10089622.1594;-16347174.5851
E09;2022-4-1 09:09:30;22471609.0135;10091203.4731;-16413842.5466
E09;2022-4-1 15:00:00;-2823535.72713;29026488.6486;5034251.08129
E09;2022-4-1 15:00:30;-2822160.47611;29011187.4433;5122602.47262
E09;2022-4-1 15:01:00;-2820827.20918;28995617.6174;5210882.95205
E09;2022-4-1 15:01:30;-2819537.11311;28979779.4995;5299091.29773
E09;2022-4-1 15:02:00;-2818291.3728;28963673.4256;5387226.28884
E09;2022-4-1 15:02:30;-2817091.17129;28947299.7396;5475286.70557
E09;2022-4-1 15:03:00;-2815937.68966;28930658.7929;5563271.32914
E09;2022-4-1 15:03:30;-2814832.10705;28913750.9442;5651178.94186
E09;2022-4-1 15:04:00;-2813775.60053;28896576.5603;5739008.32709
E09;2022-4-1 15:04:30;-2812769.34516;28879136.015;5826758.26928
E09;2022-4-1 15:05:00;-2811814.51384;28861429.6902;5914427.554
E09;2022-4-1 15:05:30;-2810912.27735;28843457.9749;6002014.96794
E09;2022-4-1 15:06:00;-2810063.80428;28825221.2659;6089519.29893
E09;2022-4-1 15:06:30;-2809270.26096;28806719.9673;6176939.33598
E09;2022-4-1 15:07:00;-2808532.81145;28787954.4908;6264273.86923
E09;2022-4-1 15:07:30;-2807852.61748;28768925.2557;6351521.69006
E09;2022-4-1 15:08:00;-2807230.83841;28749632.6885;6438681.59103
E09;2022-4-1 15:08:30;-2806668.6312;28730077.2234;6525752.36595
E09;2022-4-1 15:09:00;-2806167.15035;28710259.302;6612732.80983
E09;2022-4-1 15:09:30;-2805727.54785;28690179.3731;6699621.71899
E09;2022-4-1 15:00:00;-2823535.6445;29026488.6401;5034250.95057
E09;2022-4-1 15:00:30;-2822160.39217;29011187.4367;5122602.33985
E09;2022-4-1 15:01:00;-2820827.12395;28995617.6127;5210882.81725
E09;2022-4-1 15:01:30;-2819537.02659;28979779.4966;5299091.16093
E09;2022-4-1 15:02:00;-2818291.28501;28963673.4247;5387226.15006
E09;2022-4-1 15:02:30;-2817091.08224;28947299.7405;5475286.56484
E09;2022-4-1 15:03:00;-2815937.59936;28930658.7956;5563271.18649
E09;2022-4-1 15:03:30;-2814832.0155;28913750.9488;5651178.79731
E09;2022-4-1 15:04:00;-2813775.50775;28896576.5667;5739008.18066
E09;2022-4-1 15:04:30;-2812769.25115;28879136.0233;5826758.121
E09;2022-4-1 15:05:00;-2811814.41862;28861429.7003;5914427.4039
E09;2022-4-1 15:05:30;-2810912.18094;28843457.9868;6002014.81605
E09;2022-4-1 15:06:00;-2810063.70667;28825221.2795;6089519.14527
E09;2022-4-1 15:06:30;-2809270.16217;28806719.9826;6176939.18057
E09;2022-4-1 15:07:00;-2808532.71149;28787954.5079;6264273.7121
E09;2022-4-1 15:07:30;-2807852.51636;28768925.2745;6351521.53124
E09;2022-4-1 15:08:00;-2807230.73615;28749632.7091;6438681.43054
E09;2022-4-1 15:08:30;-2806668.5278;28730077.2457;6525752.20381
E09;2022-4-1 15:09:00;-2806167.04582;28710259.326;6612732.64608
E09;2022-4-1 15:09:30;-2805727.44221;28690179.3988;6699621.55364
E09;2022-4-1 16:00:00;-3268348.37591;25424191.6478;14798397.5157
E09;2022-4-1 16:00:30;-3279623.05098;25381001.6088;14869933.8183
E09;2022-4-1 16:01:00;-3291057.41445;25337631.5833;14941264.3691
E09;2022-4-1 16:01:30;-3302652.14813;25294082.6656;15012388.1822
E09;2022-4-1 16:02:00;-3314407.92756;25250355.9542;15083304.2742
E09;2022-4-1 16:02:30;-3326325.42204;25206452.5525;15154011.6649
E09;2022-4-1 16:03:00;-3338405.29455;25162373.568;15224509.3766
E09;2022-4-1 16:03:30;-3350648.20177;25118120.1131;15294796.4349
E09;2022-4-1 16:04:00;-3363054.79399;25073693.3045;15364871.8682
E09;2022-4-1 16:04:30;-3375625.71517;25029094.263;15434734.7077
E09;2022-4-1 16:05:00;-3388361.60283;24984324.1143;15504383.9877
E09;2022-4-1 16:05:30;-3401263.0881;24939383.9879;15573818.7454
E09;2022-4-1 16:06:00;-3414330.79564;24894275.0178;15643038.021
E09;2022-4-1 16:06:30;-3427565.34365;24848998.3424;15712040.8577
E09;2022-4-1 16:07:00;-3440967.34381;24803555.104;15780826.3017
E09;2022-4-1 16:07:30;-3454537.40131;24757946.4493;15849393.4022
E09;2022-4-1 16:08:00;-3468276.11476;24712173.5291;15917741.2114
E09;2022-4-1 16:08:30;-3482184.07624;24666237.498;15985868.7846
E09;2022-4-1 16:09:00;-3496261.87122;24620139.5151;16053775.1802
E09;2022-4-1 16:09:30;-3510510.07854;24573880.7432;16121459.4595
E09;2022-4-1 16:00:00;-3268348.33625;25424191.731;14798397.4692
E09;2022-4-1 16:00:30;-3279623.01076;25381001.6924;14869933.7715
E09;2022-4-1 16:01:00;-3291057.37368;25337631.6674;14941264.3222
E09;2022-4-1 16:01:30;-3302652.10681;25294082.7501;15012388.1351
E09;2022-4-1 16:02:00;-3314407.88571;25250356.0392;15083304.227
E09;2022-4-1 16:02:30;-3326325.37967;25206452.6378;15154011.6174
E09;2022-4-1 16:03:00;-3338405.25167;25162373.6537;15224509.3291
E09;2022-4-1 16:03:30;-3350648.15839;25118120.1992;15294796.3873
E09;2022-4-1 16:04:00;-3363054.75012;25073693.3908;15364871.8204
E09;2022-4-1 16:04:30;-3375625.67082;25029094.3497;15434734.6598
E09;2022-4-1 16:05:00;-3388361.55803;24984324.2012;15504383.9397
E09;2022-4-1 16:05:30;-3401263.04284;24939384.0751;15573818.6974
E09;2022-4-1 16:06:00;-3414330.74994;24894275.1053;15643037.9729
E09;2022-4-1 16:06:30;-3427565.29751;24848998.4301;15712040.8096
E09;2022-4-1 16:07:00;-3440967.29726;24803555.192;15780826.2536
E09;2022-4-1 16:07:30;-3454537.35434;24757946.5375;15849393.3541
E09;2022-4-1 16:08:00;-3468276.0674;24712173.6174;15917741.1633
E09;2022-4-1 16:08:30;-3482184.0285;24666237.5865;15985868.7365
E09;2022-4-1 16:09:00;-3496261.82309;24620139.6038;16053775.1321
E09;2022-4-1 16:09:30;-3510510.03005;24573880.832;16121459.4114
E09;2022-4-1 16:00:00;-3268348.17332;25424191.8945;14798397.2682
E09;2022-4-1 16:00:30;-3279622.84579;25381001.8594;14869933.5691
E09;2022-4-1 16:01:00;-3291057.2067;25337631.8379;14941264.1184
E09;2022-4-1 16:01:30;-3302651.93786;25294082.9239;15012387.9299
E09;2022-4-1 16:02:00;-3314407.71481;25250356.2163;15083304.0204
E09;2022-4-1 16:02:30;-3326325.20684;25206452.8182;15154011.4096
E09;2022-4-1 16:03:00;-3338405.07695;25162373.8373;15224509.1199
E09;2022-4-1 16:03:30;-3350647.9818;25118120.386;15294796.1769
E09;2022-4-1 16:04:00;-3363054.57169;25073693.5807;15364871.6089
E09;2022-4-1 16:04:30;-3375625.49058;25029094.5427;15434734.4471
E09;2022-4-1 16:05:00;-3388361.37599;24984324.3972;15504383.7259
E09;2022-4-1 16:05:30;-3401262.85905;24939384.274;15573818.4824
E09;2022-4-1 16:06:00;-3414330.56442;24894275.3071;15643037.7569
E09;2022-4-1 16:06:30;-3427565.11029;24848998.6348;15712040.5926
E09;2022-4-1 16:07:00;-3440967.10836;24803555.3995;15780826.0355
E09;2022-4-1 16:07:30;-3454537.16379;24757946.7477;15849393.135
E09;2022-4-1 16:08:00;-3468275.87523;24712173.8303;15917740.9433
E09;2022-4-1 16:08:30;-3482183.83474;24666237.8021;15985868.5157
E09;2022-4-1 16:09:00;-3496261.62777;24620139.822;16053774.9104
E09;2022-4-1 16:09:30;-3510509.83319;24573881.0527;16121459.1889
E09;2022-4-1 16:00:00;-3268348.12857;25424191.9418;14798397.1973
E09;2022-4-1 16:00:30;-3279622.79964;25381001.9098;14869933.4973
E09;2022-4-1 16:01:00;-3291057.15914;25337631.8913;14941264.0457
E09;2022-4-1 16:01:30;-3302651.8889;25294082.9803;15012387.8564
E09;2022-4-1 16:02:00;-3314407.66447;25250356.2756;15083303.946
E09;2022-4-1 16:02:30;-3326325.15513;25206452.8804;15154011.3344
E09;2022-4-1 16:03:00;-3338405.02388;25162373.9024;15224509.0439
E09;2022-4-1 16:03:30;-3350647.92737;25118120.4538;15294796.1001
E09;2022-4-1 16:04:00;-3363054.51593;25073693.6514;15364871.5313
E09;2022-4-1 16:04:30;-3375625.43348;25029094.616;15434734.3687
E09;2022-4-1 16:05:00;-3388361.31758;24984324.4733;15504383.6468
E09;2022-4-1 16:05:30;-3401262.79933;24939384.3527;15573818.4026
E09;2022-4-1 16:06:00;-3414330.50341;24894275.3885;15643037.6764
E09;2022-4-1 16:06:30;-3427565.04799;24848998.7187;15712040.5113
E09;2022-4-1 16:07:00;-3440967.04479;24803555.4859;15780825.9536
E09;2022-4-1 16:07:30;-3454537.09897;24757946.8367;15849393.0525
E09;2022-4-1 16:08:00;-3468275.80916;24712173.9217;15917740.8601
E09;2022-4-1 16:08:30;-3482183.76742;24666237.896;15985868.4318
E09;2022-4-1 16:09:00;-3496261.55923;24620139.9182;16053774.8259
E09;2022-4-1 16:09:30;-3510509.76344;24573881.1513;16121459.1038
E09;2022-4-1 16:00:00;-3268348.08897;25424191.8542;14798397.1526
E09;2022-4-1 16:00:30;-3279622.75823;25381001.826;14869933.4516
E09;2022-4-1 16:01:00;-3291057.11593;25337631.8112;14941263.9989
E09;2022-4-1 16:01:30;-3302651.8439;25294082.9039;15012387.8086
E09;2022-4-1 16:02:00;-3314407.61769;25250356.2028;15083303.8973
E09;2022-4-1 16:02:30;-3326325.10658;25206452.8112;15154011.2846
E09;2022-4-1 16:03:00;-3338404.97356;25162373.8367;15224508.9931
E09;2022-4-1 16:03:30;-3350647.87531;25118120.3917;15294796.0483
E09;2022-4-1 16:04:00;-3363054.46212;25073693.5927;15364871.4785
E09;2022-4-1 16:04:30;-3375625.37794;25029094.5608;15434734.315
E09;2022-4-1 16:05:00;-3388361.26032;24984324.4214;15504383.5921
E09;2022-4-1 16:05:30;-3401262.74036;24939384.3042;15573818.347
E09;2022-4-1 16:06:00;-3414330.44273;24894275.3432;15643037.6198
E09;2022-4-1 16:06:30;-3427564.98562;24848998.6767;15712040.4538
E09;2022-4-1 16:07:00;-3440966.98074;24803555.4471;15780825.8952
E09;2022-4-1 16:07:30;-3454537.03325;24757946.8011;15849392.9931
E09;2022-4-1 16:08:00;-3468275.74178;24712173.8893;15917740.7998
E09;2022-4-1 16:08:30;-3482183.6984;24666237.8666;15985868.3706
E09;2022-4-1 16:09:00;-3496261.48857;24620139.8919;16053774.7638
E09;2022-4-1 16:09:30;-3510509.69115;24573881.1281;16121459.0408
E09;2022-4-1 17:00:00;-5897534.8076;19293602.822;21662745.2794
E09;2022-4-1 17:00:30;-5930916.66707;19237582.2563;21703459.4945
E09;2022-4-1 17:01:00;-5964490.06704;19181534.2257;21743873.5569
E09;2022-4-1 17:01:30;-5998254.82146;19125460.0755;21783986.9089
E09;2022-4-1 17:02:00;-6032210.73672;19069361.1507;21823798.997
E09;2022-4-1 17:02:30;-6066357.61157;19013238.7956;21863309.2718
E09;2022-4-1 17:03:00;-6100695.23715;18957094.3536;21902517.1881
E09;2022-4-1 17:03:30;-6135223.39703;18900929.1676;21941422.2049
E09;2022-4-1 17:04:00;-6169941.86716;18844744.5796;21980023.7855
E09;2022-4-1 17:04:30;-6204850.41592;18788541.9307;22018321.3972
E09;2022-4-1 17:05:00;-6239948.8041;18732322.5614;22056314.5116
E09;2022-4-1 17:05:30;-6275236.78492;18676087.811;22094002.6045
E09;2022-4-1 17:06:00;-6310714.10403;18619839.0179;22131385.156
E09;2022-4-1 17:06:30;-6346380.49951;18563577.5196;22168461.6502
E09;2022-4-1 17:07:00;-6382235.7019;18507304.6524;22205231.5757
E09;2022-4-1 17:07:30;-6418279.43418;18451021.7516;22241694.4253
E09;2022-4-1 17:08:00;-6454511.41178;18394730.1514;22277849.6959
E09;2022-4-1 17:08:30;-6490931.34263;18338431.1845;22313696.8886
E09;2022-4-1 17:09:00;-6527538.92709;18282126.1828;22349235.5092
E09;2022-4-1 17:09:30;-6564333.85805;18225816.4766;22384465.0672
E09;2022-4-1 17:00:00;-5897534.68317;19293602.9348;21662745.2443
E09;2022-4-1 17:00:30;-5930916.54191;19237582.3696;21703459.4598
E09;2022-4-1 17:01:00;-5964489.94115;19181534.3395;21743873.5225
E09;2022-4-1 17:01:30;-5998254.69488;19125460.1898;21783986.8749
E09;2022-4-1 17:02:00;-6032210.60944;19069361.2654;21823798.9634
E09;2022-4-1 17:02:30;-6066357.4836;19013238.9107;21863309.2385
E09;2022-4-1 17:03:00;-6100695.10852;18957094.4691;21902517.1552
E09;2022-4-1 17:03:30;-6135223.26774;18900929.2834;21941422.1725
E09;2022-4-1 17:04:00;-6169941.73722;18844744.6957;21980023.7534
E09;2022-4-1 17:04:30;-6204850.28535;18788542.0472;22018321.3655
E09;2022-4-1 17:05:00;-6239948.67292;18732322.6782;22056314.4803
E09;2022-4-1 17:05:30;-6275236.65314;18676087.928;22094002.5736
E09;2022-4-1 17:06:00;-6310713.97166;18619839.1352;22131385.1254
E09;2022-4-1 17:06:30;-6346380.36656;18563577.6371;22168461.6201
E09;2022-4-1 17:07:00;-6382235.56839;18507304.7701;22205231.546
E09;2022-4-1 17:07:30;-6418279.30011;18451021.8695;22241694.396
E09;2022-4-1 17:08:00;-6454511.27718;18394730.2693;22277849.667
E09;2022-4-1 17:08:30;-6490931.2075;18338431.3026;22313696.8601
E09;2022-4-1 17:09:00;-6527538.79146;18282126.301;22349235.4811
E09;2022-4-1 17:09:30;-6564333.72192;18225816.5949;22384465.0395
E09;2022-4-1 17:00:00;-5897534.50119;19293603.0179;21662745.1659
E09;2022-4-1 17:00:30;-5930916.35847;19237582.4553;21703459.382
E09;2022-4-1 17:01:00;-5964489.75628;19181534.4276;21743873.4454
E09;2022-4-1 17:01:30;-5998254.50859;19125460.2804;21783986.7984
E09;2022-4-1 17:02:00;-6032210.42176;19069361.3584;21823798.8875
E09;2022-4-1 17:02:30;-6066357.29456;19013239.006;21863309.1633
E09;2022-4-1 17:03:00;-6100694.91813;18957094.5667;21902517.0806
E09;2022-4-1 17:03:30;-6135223.07604;18900929.3832;21941422.0985
E09;2022-4-1 17:04:00;-6169941.54424;18844744.7977;21980023.6801
E09;2022-4-1 17:04:30;-6204850.0911;18788542.1513;22018321.2928
E09;2022-4-1 17:05:00;-6239948.47742;18732322.7843;22056314.4082
E09;2022-4-1 17:05:30;-6275236.45642;18676088.0362;22094002.5021
E09;2022-4-1 17:06:00;-6310713.77374;18619839.2453;22131385.0545
E09;2022-4-1 17:06:30;-6346380.16748;18563577.7491;22168461.5498
E09;2022-4-1 17:07:00;-6382235.36816;18507304.884;22205231.4763
E09;2022-4-1 17:07:30;-6418279.09876;18451021.9851;22241694.3268
E09;2022-4-1 17:08:00;-6454511.07474;18394730.3867;22277849.5984
E09;2022-4-1 17:08:30;-6490931.00398;18338431.4217;22313696.7922
E09;2022-4-1 17:09:00;-6527538.58689;18282126.4217;22349235.4137
E09;2022-4-1 17:09:30;-6564333.51632;18225816.7172;22384464.9727
E09;2022-4-1 17:00:00;-5897534.38809;19293603.0704;21662745.1113
E09;2022-4-1 17:00:30;-5930916.24404;19237582.5098;21703459.3282
E09;2022-4-1 17:01:00;-5964489.64053;19181534.4841;21743873.3924
E09;2022-4-1 17:01:30;-5998254.39154;19125460.3388;21783986.7461
E09;2022-4-1 17:02:00;-6032210.30342;19069361.4188;21823798.8359
E09;2022-4-1 17:02:30;-6066357.17494;19013239.0683;21863309.1124
E09;2022-4-1 17:03:00;-6100694.79724;18957094.6308;21902517.0304
E09;2022-4-1 17:03:30;-6135222.95389;18900929.4492;21941422.0489
E09;2022-4-1 17:04:00;-6169941.42084;18844744.8655;21980023.6312
E09;2022-4-1 17:04:30;-6204849.96647;18788542.2209;22018321.2445
E09;2022-4-1 17:05:00;-6239948.35157;18732322.8557;22056314.3605
E09;2022-4-1 17:05:30;-6275236.32935;18676088.1093;22094002.4551
E09;2022-4-1 17:06:00;-6310713.64548;18619839.3202;22131385.0081
E09;2022-4-1 17:06:30;-6346380.03803;18563577.8257;22168461.5039
E09;2022-4-1 17:07:00;-6382235.23753;18507304.9622;22205231.4311
E09;2022-4-1 17:07:30;-6418278.96697;18451022.065;22241694.2822
E09;2022-4-1 17:08:00;-6454510.94179;18394730.4682;22277849.5543
E09;2022-4-1 17:08:30;-6490930.86989;18338431.5048;22313696.7486
E09;2022-4-1 17:09:00;-6527538.45167;18282126.5064;22349235.3706
E09;2022-4-1 17:09:30;-6564333.37998;18225816.8034;22384464.9302
E09;2022-4-1 17:00:00;-5897534.25684;19293603.1585;21662744.9829
E09;2022-4-1 17:00:30;-5930916.11148;19237582.6006;21703459.2012
E09;2022-4-1 17:01:00;-5964489.50667;19181534.5775;21743873.2667
E09;2022-4-1 17:01:30;-5998254.25638;19125460.4348;21783986.6219
E09;2022-4-1 17:02:00;-6032210.16698;19069361.5173;21823798.713
E09;2022-4-1 17:02:30;-6066357.03724;19013239.1694;21863308.9909
E09;2022-4-1 17:03:00;-6100694.65829;18957094.7344;21902516.9102
E09;2022-4-1 17:03:30;-6135222.81369;18900929.5553;21941421.9301
E09;2022-4-1 17:04:00;-6169941.27941;18844744.9741;21980023.5137
E09;2022-4-1 17:04:30;-6204849.82382;18788542.3319;22018321.1283
E09;2022-4-1 17:05:00;-6239948.20772;18732322.9691;22056314.2456
E09;2022-4-1 17:05:30;-6275236.18431;18676088.225;22094002.3414
E09;2022-4-1 17:06:00;-6310713.49925;18619839.4382;22131384.8957
E09;2022-4-1 17:06:30;-6346379.89063;18563577.946;22168461.3928
E09;2022-4-1 17:07:00;-6382235.08898;18507305.0848;22205231.3211
E09;2022-4-1 17:07:30;-6418278.81727;18451022.1899;22241694.1735
E09;2022-4-1 17:08:00;-6454510.79096;18394730.5953;22277849.4468
E09;2022-4-1 17:08:30;-6490930.71794;18338431.6341;22313696.6423
E09;2022-4-1 17:09:00;-6527538.2986;18282126.6379;22349235.2655
E09;2022-4-1 17:09:30;-6564333.22581;18225816.937;22384464.8262
E09;2022-4-1 18:00:00;-11157997.2393;12739478.4825;24284148.5069
E09;2022-4-1 18:00:30;-11210984.6531;12689236.9586;24286082.0079
E09;2022-4-1 18:01:00;-11264090.3275;12639112.8709;24287679.7806
E09;2022-4-1 18:01:30;-11317313.267;12589107.188;24288941.8039
E09;2022-4-1 18:02:00;-11370652.4709;12539220.8731;24289868.0613
E09;2022-4-1 18:02:30;-11424106.9334;12489454.8839;24290458.5409
E09;2022-4-1 18:03:00;-11477675.6433;12439810.1728;24290713.2354
E09;2022-4-1 18:03:30;-11531357.5842;12390287.6862;24290632.1422
E09;2022-4-1 18:04:00;-11585151.7348;12340888.3654;24290215.2634
E09;2022-4-1 18:04:30;-11639057.0684;12291613.1459;24289462.6057
E09;2022-4-1 18:05:00;-11693072.5534;12242462.9574;24288374.1803
E09;2022-4-1 18:05:30;-11747197.1531;12193438.7243;24286950.0031
E09;2022-4-1 18:06:00;-11801429.8256;12144541.3651;24285190.0948
E09;2022-4-1 18:06:30;-11855769.5244;12095771.7926;24283094.4806
E09;2022-4-1 18:07:00;-11910215.1977;12047130.9137;24280663.1903
E09;2022-4-1 18:07:30;-11964765.7889;11998619.6299;24277896.2583
E09;2022-4-1 18:08:00;-12019420.2367;11950238.8365;24274793.7239
E09;2022-4-1 18:08:30;-12074177.4747;11901989.4232;24271355.6307
E09;2022-4-1 18:09:00;-12129036.4318;11853872.2737;24267582.0272
E09;2022-4-1 18:09:30;-12183996.0322;11805888.266;24263472.9664
E09;2022-4-1 18:00:00;-11157997.1564;12739478.5672;24284148.4835
E09;2022-4-1 18:00:30;-11210984.5703;12689237.043;24286081.9849
E09;2022-4-1 18:01:00;-11264090.2447;12639112.955;24287679.758
E09;2022-4-1 18:01:30;-11317313.1842;12589107.2717;24288941.7818
E09;2022-4-1 18:02:00;-11370652.3882;12539220.9565;24289868.0395
E09;2022-4-1 18:02:30;-11424106.8508;12489454.9671;24290458.5195
E09;2022-4-1 18:03:00;-11477675.5607;12439810.2556;24290713.2144
E09;2022-4-1 18:03:30;-11531357.5018;12390287.7687;24290632.1216
E09;2022-4-1 18:04:00;-11585151.6524;12340888.4475;24290215.2432
E09;2022-4-1 18:04:30;-11639056.9861;12291613.2275;24289462.5858
E09;2022-4-1 18:05:00;-11693072.4712;12242463.0387;24288374.1608
E09;2022-4-1 18:05:30;-11747197.071;12193438.8052;24286949.984
E09;2022-4-1 18:06:00;-11801429.7436;12144541.4456;24285190.0761
E09;2022-4-1 18:06:30;-11855769.4425;12095771.8726;24283094.4622
E09;2022-4-1 18:07:00;-11910215.1159;12047130.9933;24280663.1722
E09;2022-4-1 18:07:30;-11964765.7073;11998619.709;24277896.2406
E09;2022-4-1 18:08:00;-12019420.1552;11950238.9151;24274793.7065
E09;2022-4-1 18:08:30;-12074177.3934;11901989.5014;24271355.6137
E09;2022-4-1 18:09:00;-12129036.3506;11853872.3514;24267582.0105
E09;2022-4-1 18:09:30;-12183995.9511;11805888.3431;24263472.9499
E09;2022-4-1 18:00:00;-11157997.0538;12739478.8225;24284148.4443
E09;2022-4-1 18:00:30;-11210984.4668;12689237.3002;24286081.9469
E09;2022-4-1 18:01:00;-11264090.1403;12639113.214;24287679.7212
E09;2022-4-1 18:01:30;-11317313.079;12589107.5326;24288941.746
E09;2022-4-1 18:02:00;-11370652.2822;12539221.2191;24289868.0049
E09;2022-4-1 18:02:30;-11424106.7439;12489455.2314;24290458.486
E09;2022-4-1 18:03:00;-11477675.453;12439810.5216;24290713.182
E09;2022-4-1 18:03:30;-11531357.3932;12390288.0365;24290632.0903
E09;2022-4-1 18:04:00;-11585151.5431;12340888.717;24290215.2129
E09;2022-4-1 18:04:30;-11639056.876;12291613.4987;24289462.5566
E09;2022-4-1 18:05:00;-11693072.3603;12242463.3115;24288374.1326
E09;2022-4-1 18:05:30;-11747196.9593;12193439.0797;24286949.9568
E09;2022-4-1 18:06:00;-11801429.6312;12144541.7216;24285190.0498
E09;2022-4-1 18:06:30;-11855769.3293;12095772.1502;24283094.4369
E09;2022-4-1 18:07:00;-11910215.002;12047131.2725;24280663.1479
E09;2022-4-1 18:07:30;-11964765.5926;11998619.9898;24277896.2173
E09;2022-4-1 18:08:00;-12019420.0398;11950239.1975;24274793.6841
E09;2022-4-1 18:08:30;-12074177.2772;11901989.7852;24271355.5922
E09;2022-4-1 18:09:00;-12129036.2337;11853872.6367;24267581.99
E09;2022-4-1 18:09:30;-12183995.8336;11805888.6299;24263472.9303
E09;2022-4-1 18:00:00;-11157996.9529;12739478.9474;24284148.3924
E09;2022-4-1 18:00:30;-11210984.3651;12689237.4257;24286081.8963
E09;2022-4-1 18:01:00;-11264090.0379;12639113.3401;24287679.6719
E09;2022-4-1 18:01:30;-11317312.9758;12589107.6593;24288941.698
E09;2022-4-1 18:02:00;-11370652.1782;12539221.3466;24289867.9582
E09;2022-4-1 18:02:30;-11424106.6392;12489455.3595;24290458.4405
E09;2022-4-1 18:03:00;-11477675.3475;12439810.6503;24290713.1377
E09;2022-4-1 18:03:30;-11531357.287;12390288.1657;24290632.0472
E09;2022-4-1 18:04:00;-11585151.4362;12340888.8468;24290215.1711
E09;2022-4-1 18:04:30;-11639056.7684;12291613.6292;24289462.516
E09;2022-4-1 18:05:00;-11693072.252;12242463.4426;24288374.0931
E09;2022-4-1 18:05:30;-11747196.8503;12193439.2113;24286949.9185
E09;2022-4-1 18:06:00;-11801429.5215;12144541.8538;24285190.0127
E09;2022-4-1 18:06:30;-11855769.2189;12095772.283;24283094.401
E09;2022-4-1 18:07:00;-11910214.8909;12047131.4059;24280663.1131
E09;2022-4-1 18:07:30;-11964765.4809;11998620.1237;24277896.1836
E09;2022-4-1 18:08:00;-12019419.9275;11950239.3319;24274793.6516
E09;2022-4-1 18:08:30;-12074177.1642;11901989.9202;24271355.5608
E09;2022-4-1 18:09:00;-12129036.1202;11853872.7722;24267581.9596
E09;2022-4-1 18:09:30;-12183995.7193;11805888.766;24263472.901
E09;2022-4-1 18:00:00;-11157996.875;12739478.9894;24284148.3793
E09;2022-4-1 18:00:30;-11210984.2866;12689237.468;24286081.8845
E09;2022-4-1 18:01:00;-11264089.9588;12639113.3828;24287679.6613
E09;2022-4-1 18:01:30;-11317312.8962;12589107.7024;24288941.6887
E09;2022-4-1 18:02:00;-11370652.098;12539221.3899;24289867.9501
E09;2022-4-1 18:02:30;-11424106.5584;12489455.4031;24290458.4336
E09;2022-4-1 18:03:00;-11477675.2663;12439810.6943;24290713.132
E09;2022-4-1 18:03:30;-11531357.2053;12390288.21;24290632.0427
E09;2022-4-1 18:04:00;-11585151.3539;12340888.8915;24290215.1677
E09;2022-4-1 18:04:30;-11639056.6857;12291613.6741;24289462.5137
E09;2022-4-1 18:05:00;-11693072.1688;12242463.4879;24288374.0919
E09;2022-4-1 18:05:30;-11747196.7666;12193439.2569;24286949.9184
E09;2022-4-1 18:06:00;-11801429.4374;12144541.8998;24285190.0137
E09;2022-4-1 18:06:30;-11855769.1344;12095772.3292;24283094.4029
E09;2022-4-1 18:07:00;-11910214.8059;12047131.4524;24280663.1161
E09;2022-4-1 18:07:30;-11964765.3955;11998620.1705;24277896.1876
E09;2022-4-1 18:08:00;-12019419.8416;11950239.3791;24274793.6565
E09;2022-4-1 18:08:30;-12074177.078;11901989.9676;24271355.5667
E09;2022-4-1 18:09:00;-12129036.0335;11853872.82;24267581.9664
E09;2022-4-1 18:09:30;-12183995.6323;11805888.814;24263472.9088
