G01;2022-2-1 00:00:00;13513289.4931;-6722591.54745;21531603.8132
G01;2022-2-1 00:00:30;13525440.7603;-6639456.19691;21550528.5046
G01;2022-2-1 00:01:00;13537753.7954;-6556275.16667;21569028.0029
G01;2022-2-1 00:01:30;13550228.6292;-6473050.41678;21587101.9741
G01;2022-2-1 00:02:00;13562865.2822;-6389783.90788;21604750.0928
G01;2022-2-1 00:02:30;13575663.7636;-6306477.60116;21621972.0423
G01;2022-2-1 00:03:00;13588624.0722;-6223133.45821;21638767.5147
G01;2022-2-1 00:03:30;13601746.1956;-6139753.44102;21655136.2107
G01;2022-2-1 00:04:00;13615030.111;-6056339.51182;21671077.8398
G01;2022-2-1 00:04:30;13628475.7845;-5972893.63307;21686592.1201
G01;2022-2-1 00:05:00;13642083.1714;-5889417.76735;21701678.7786
G01;2022-2-1 00:05:30;13655852.2163;-5805913.87726;21716337.5508
G01;2022-2-1 00:06:00;13669782.8529;-5722383.92538;21730568.181
G01;2022-2-1 00:06:30;13683875.0043;-5638829.87417;21744370.4222
G01;2022-2-1 00:07:00;13698128.5824;-5555253.68589;21757744.0363
G01;2022-2-1 00:07:30;13712543.4888;-5471657.32251;21770688.7937
G01;2022-2-1 00:08:00;13727119.6138;-5388042.74567;21783204.4737
G01;2022-2-1 00:08:30;13741856.8373;-5304411.91654;21795290.8641
G01;2022-2-1 00:09:00;13756755.0283;-5220766.79581;21806947.7618
G01;2022-2-1 00:09:30;13771814.0448;-5137109.34354;21818174.972
G01;2022-2-1 00:10:00;13787033.7342;-5053441.51915;21828972.309
G01;2022-2-1 00:10:30;13802413.9333;-4969765.28128;21839339.5957
G01;2022-2-1 00:11:00;13817954.4679;-4886082.58774;21849276.6636
G01;2022-2-1 00:11:30;13833655.153;-4802395.39544;21858783.3533
G01;2022-2-1 00:12:00;13849515.793;-4718705.66029;21867859.5137
G01;2022-2-1 00:12:30;13865536.1816;-4635015.33713;21876505.0028
G01;2022-2-1 00:13:00;13881716.1015;-4551326.37966;21884719.6871
G01;2022-2-1 00:13:30;13898055.3251;-4467640.74033;21892503.442
G01;2022-2-1 00:14:00;13914553.6136;-4383960.37031;21899856.1515
G01;2022-2-1 00:14:30;13931210.7178;-4300287.21936;21906777.7086
G01;2022-2-1 00:15:00;13948026.3779;-4216623.23579;21913268.0147
G01;2022-2-1 00:15:30;13965000.323;-4132970.36638;21919326.9801
G01;2022-2-1 00:16:00;13982132.272;-4049330.55625;21924954.5238
G01;2022-2-1 00:16:30;13999421.9328;-3965705.74885;21930150.5737
G01;2022-2-1 00:17:00;14016869.0029;-3882097.88585;21934915.0662
G01;2022-2-1 00:17:30;14034473.169;-3798508.90706;21939247.9466
G01;2022-2-1 00:18:00;14052234.1072;-3714940.75036;21943149.1688
G01;2022-2-1 00:18:30;14070151.4831;-3631395.35161;21946618.6955
G01;2022-2-1 00:19:00;14088224.9515;-3547874.64458;21949656.4981
G01;2022-2-1 00:19:30;14106454.157;-3464380.5609;21952262.5568
G01;2022-2-1 00:20:00;14124838.7332;-3380915.02991;21954436.8604
G01;2022-2-1 00:20:30;14143378.3035;-3297479.97867;21956179.4066
G01;2022-2-1 00:21:00;14162072.4806;-3214077.33181;21957490.2015
G01;2022-2-1 00:21:30;14180920.8667;-3130709.01152;21958369.2602
G01;2022-2-1 00:22:00;14199923.0536;-3047376.9374;21958816.6064
G01;2022-2-1 00:22:30;14219078.6226;-2964083.02643;21958832.2726
G01;2022-2-1 00:23:00;14238387.1444;-2880829.19291;21958416.2998
G01;2022-2-1 00:23:30;14257848.1795;-2797617.34832;21957568.7378
G01;2022-2-1 00:24:00;14277461.2779;-2714449.4013;21956289.6452
G01;2022-2-1 00:24:30;14297225.979;-2631327.25756;21954579.0891
G01;2022-2-1 00:25:00;14317141.8122;-2548252.81979;21952437.1454
G01;2022-2-1 00:25:30;14337208.2963;-2465227.98759;21949863.8986
G01;2022-2-1 00:26:00;14357424.9398;-2382254.65741;21946859.442
G01;2022-2-1 00:26:30;14377791.2409;-2299334.72245;21943423.8775
G01;2022-2-1 00:27:00;14398306.6875;-2216470.0726;21939557.3155
G01;2022-2-1 00:27:30;14418970.7573;-2133662.59437;21935259.8753
G01;2022-2-1 00:28:00;14439782.9178;-2050914.17078;21930531.6848
G01;2022-2-1 00:28:30;14460742.6261;-1968226.68134;21925372.8804
G01;2022-2-1 00:29:00;14481849.3294;-1885602.00195;21919783.6072
G01;2022-2-1 00:29:30;14503102.4643;-1803042.00479;21913764.019
G01;2022-2-1 00:30:00;14524501.4577;-1720548.55831;21907314.2782
G01;2022-2-1 00:30:30;14546045.7261;-1638123.52712;21900434.5558
G01;2022-2-1 00:31:00;14567734.6761;-1555768.7719;21893125.0314
G01;2022-2-1 00:31:30;14589567.7041;-1473486.14937;21885385.8932
G01;2022-2-1 00:32:00;14611544.1965;-1391277.51219;21877217.338
G01;2022-2-1 00:32:30;14633663.5298;-1309144.70887;21868619.5712
G01;2022-2-1 00:33:00;14655925.0704;-1227089.58376;21859592.8067
G01;2022-2-1 00:33:30;14678328.1748;-1145113.97689;21850137.2672
G01;2022-2-1 00:34:00;14700872.1895;-1063219.72398;21840253.1836
G01;2022-2-1 00:34:30;14723556.4512;-981408.656301;21829940.7957
G01;2022-2-1 00:35:00;14746380.2868;-899682.600649;21819200.3516
G01;2022-2-1 00:35:30;14769343.0132;-818043.379255;21808032.1081
G01;2022-2-1 00:36:00;14792443.9377;-736492.809712;21796436.3305
G01;2022-2-1 00:36:30;14815682.3576;-655032.704909;21784413.2926
G01;2022-2-1 00:37:00;14839057.5607;-573664.872959;21771963.2765
G01;2022-2-1 00:37:30;14862568.8249;-492391.117124;21759086.5732
G01;2022-2-1 00:38:00;14886215.4186;-411213.23575;21745783.4819
G01;2022-2-1 00:38:30;14909996.6004;-330133.022194;21732054.3104
G01;2022-2-1 00:39:00;14933911.6195;-249152.264754;21717899.3749
G01;2022-2-1 00:39:30;14957959.7153;-168272.746598;21703319
G01;2022-2-1 00:40:00;14982140.1179;-87496.2456976;21688313.519
G01;2022-2-1 00:40:30;15006452.0476;-6824.53475736;21672883.2734
G01;2022-2-1 00:41:00;15030894.7157;73740.6188556;21657028.6132
G01;2022-2-1 00:41:30;15055467.3235;154197.453179;21640749.8968
G01;2022-2-1 00:42:00;15080169.0633;234544.211724;21624047.4911
G01;2022-2-1 00:42:30;15104999.1181;314779.143543;21606921.7713
G01;2022-2-1 00:43:00;15129956.6612;394900.503298;21589373.1209
G01;2022-2-1 00:43:30;15155040.8571;474906.55133;21571401.932
G01;2022-2-1 00:44:00;15180250.8605;554795.553722;21553008.6048
G01;2022-2-1 00:44:30;15205585.8175;634565.782369;21534193.5481
G01;2022-2-1 00:45:00;15231044.8646;714215.515047;21514957.1788
G01;2022-2-1 00:45:30;15256627.1294;793743.035473;21495299.9223
G01;2022-2-1 00:46:00;15282331.7302;873146.633377;21475222.2122
G01;2022-2-1 00:46:30;15308157.7766;952424.604566;21454724.4905
G01;2022-2-1 00:47:00;15334104.3688;1031575.25099;21433807.2073
G01;2022-2-1 00:47:30;15360170.5983;1110596.8808;21412470.8212
G01;2022-2-1 00:48:00;15386355.5476;1189487.80843;21390715.7989
G01;2022-2-1 00:48:30;15412658.2903;1268246.35464;21368542.6153
G01;2022-2-1 00:49:00;15439077.8913;1346870.8466;21345951.7537
G01;2022-2-1 00:49:30;15465613.4064;1425359.61795;21322943.7055
G01;2022-2-1 00:50:00;15492263.883;1503711.00884;21299518.9704
G01;2022-2-1 00:50:30;15519028.3596;1581923.36603;21275678.0561
G01;2022-2-1 00:51:00;15545905.866;1659995.04293;21251421.4786
G01;2022-2-1 00:51:30;15572895.4235;1737924.39966;21226749.762
G01;2022-2-1 00:52:00;15599996.0447;1815709.80314;21201663.4388
G01;2022-2-1 00:52:30;15627206.7339;1893349.62711;21176163.0492
G01;2022-2-1 00:53:00;15654526.4866;1970842.25224;21150249.1418
G01;2022-2-1 00:53:30;15681954.29;2048186.06613;21123922.2731
G01;2022-2-1 00:54:00;15709489.1231;2125379.46344;21097183.0081
G01;2022-2-1 00:54:30;15737129.9562;2202420.8459;21070031.9192
G01;2022-2-1 00:55:00;15764875.7515;2279308.62239;21042469.5875
G01;2022-2-1 00:55:30;15792725.4629;2356041.20901;21014496.6018
G01;2022-2-1 00:56:00;15820678.0362;2432617.02911;20986113.5589
G01;2022-2-1 00:56:30;15848732.4089;2509034.51336;20957321.0637
G01;2022-2-1 00:57:00;15876887.5104;2585292.09986;20928119.7291
G01;2022-2-1 00:57:30;15905142.2622;2661388.23409;20898510.1758
G01;2022-2-1 00:58:00;15933495.5776;2737321.36908;20868493.0328
G01;2022-2-1 00:58:30;15961946.3619;2813089.96541;20838068.9367
G01;2022-2-1 00:59:00;15990493.5128;2888692.49126;20807238.5321
G01;2022-2-1 00:59:30;16019135.9198;2964127.42251;20776002.4716
G01;2022-2-1 01:00:00;16047872.4647;3039393.24275;20744361.4156
G01;2022-2-1 01:00:30;16076702.0217;3114488.44337;20712316.0324
G01;2022-2-1 01:01:00;16105623.457;3189411.52359;20679866.9981
G01;2022-2-1 01:01:30;16134635.6293;3264160.99055;20647014.9967
G01;2022-2-1 01:02:00;16163737.3898;3338735.35933;20613760.7201
G01;2022-2-1 01:02:30;16192927.5819;3413133.15302;20580104.8676
G01;2022-2-1 01:03:00;16222205.0417;3487352.90278;20546048.1469
G01;2022-2-1 01:03:30;16251568.5978;3561393.14789;20511591.2728
G01;2022-2-1 01:04:00;16281017.0712;3635252.43579;20476734.9683
G01;2022-2-1 01:04:30;16310549.276;3708929.32215;20441479.964
G01;2022-2-1 01:05:00;16340164.0185;3782422.37092;20405826.9981
G01;2022-2-1 01:05:30;16369860.0982;3855730.15439;20369776.8165
G01;2022-2-1 01:06:00;16399636.3072;3928851.2532;20333330.173
G01;2022-2-1 01:06:30;16429491.4304;4001784.25647;20296487.8287
G01;2022-2-1 01:07:00;16459424.2458;4074527.76177;20259250.5526
G01;2022-2-1 01:07:30;16489433.5244;4147080.37522;20221619.1211
G01;2022-2-1 01:08:00;16519518.03;4219440.71152;20183594.3184
G01;2022-2-1 01:08:30;16549676.5198;4291607.39402;20145176.936
G01;2022-2-1 01:09:00;16579907.7439;4363579.05475;20106367.7732
G01;2022-2-1 01:09:30;16610210.4457;4435354.33448;20067167.6366
G01;2022-2-1 01:10:00;16640583.3621;4506931.88274;20027577.3405
G01;2022-2-1 01:10:30;16671025.2229;4578310.35794;19987597.7066
G01;2022-2-1 01:11:00;16701534.7515;4649488.42732;19947229.564
G01;2022-2-1 01:11:30;16732110.6649;4720464.7671;19906473.7494
G01;2022-2-1 01:12:00;16762751.6732;4791238.06243;19865331.1067
G01;2022-2-1 01:12:30;16793456.4804;4861807.00751;19823802.4875
G01;2022-2-1 01:13:00;16824223.7841;4932170.30562;19781888.7504
G01;2022-2-1 01:13:30;16855052.2752;5002326.66911;19739590.7618
G01;2022-2-1 01:14:00;16885940.6389;5072274.81954;19696909.395
G01;2022-2-1 01:14:30;16916887.5536;5142013.48765;19653845.5309
G01;2022-2-1 01:15:00;16947891.6921;5211541.41344;19610400.0576
G01;2022-2-1 01:15:30;16978951.7207;5280857.3462;19566573.8705
G01;2022-2-1 01:16:00;17010066.2998;5349960.04456;19522367.8722
G01;2022-2-1 01:16:30;17041234.084;5418848.27654;19477782.9725
G01;2022-2-1 01:17:00;17072453.7217;5487520.81956;19432820.0885
G01;2022-2-1 01:17:30;17103723.8557;5555976.46054;19387480.1445
G01;2022-2-1 01:18:00;17135043.1229;5624213.99589;19341764.0719
G01;2022-2-1 01:18:30;17166410.1545;5692232.23159;19295672.8091
G01;2022-2-1 01:19:00;17197823.5759;5760029.98317;19249207.3019
G01;2022-2-1 01:19:30;17229282.0072;5827606.07585;19202368.503
G01;2022-2-1 01:20:00;17260784.0627;5894959.34447;19155157.3721
G01;2022-2-1 01:20:30;17292328.3514;5962088.63363;19107574.8762
G01;2022-2-1 01:21:00;17323913.4767;6028992.79765;19059621.9891
G01;2022-2-1 01:21:30;17355538.0368;6095670.70065;19011299.6917
G01;2022-2-1 01:22:00;17387200.6246;6162121.21659;18962608.9718
G01;2022-2-1 01:22:30;17418899.8277;6228343.22929;18913550.8243
G01;2022-2-1 01:23:00;17450634.2285;6294335.63246;18864126.2507
G01;2022-2-1 01:23:30;17482402.4046;6360097.32979;18814336.2599
G01;2022-2-1 01:24:00;17514202.9282;6425627.23492;18764181.8672
G01;2022-2-1 01:24:30;17546034.3667;6490924.27151;18713664.095
G01;2022-2-1 01:25:00;17577895.2827;6555987.37328;18662783.9726
G01;2022-2-1 01:25:30;17609784.2337;6620815.48403;18611542.5359
G01;2022-2-1 01:26:00;17641699.7726;6685407.55768;18559940.8276
G01;2022-2-1 01:26:30;17673640.4477;6749762.55831;18507979.8974
G01;2022-2-1 01:27:00;17705604.8023;6813879.46018;18455660.8015
G01;2022-2-1 01:27:30;17737591.3756;6877757.2478;18402984.6027
G01;2022-2-1 01:28:00;17769598.7018;6941394.91591;18349952.3709
G01;2022-2-1 01:28:30;17801625.311;7004791.46955;18296565.1823
G01;2022-2-1 01:29:00;17833669.7287;7067945.92406;18242824.1198
G01;2022-2-1 01:29:30;17865730.4764;7130857.30517;18188730.273
G01;2022-2-1 01:30:00;17897806.0709;7193524.64896;18134284.738
G01;2022-2-1 01:30:30;17929895.0252;7255947.00195;18079488.6174
G01;2022-2-1 01:31:00;17961995.848;7318123.42107;18024343.0206
G01;2022-2-1 01:31:30;17994107.044;7380052.97376;17968849.0631
G01;2022-2-1 01:32:00;18026227.114;7441734.73795;17913007.8673
G01;2022-2-1 01:32:30;18058354.5546;7503167.80209;17856820.5616
G01;2022-2-1 01:33:00;18090487.8589;7564351.2652;17800288.2813
G01;2022-2-1 01:33:30;18122625.5161;7625284.23689;17743412.1677
G01;2022-2-1 01:34:00;18154766.0116;7685965.83739;17686193.3687
G01;2022-2-1 01:34:30;18186907.8272;7746395.19755;17628633.0384
G01;2022-2-1 01:35:00;18219049.4411;7806571.45891;17570732.3375
G01;2022-2-1 01:35:30;18251189.3282;7866493.7737;17512492.4326
G01;2022-2-1 01:36:00;18283325.9597;7926161.30486;17453914.4968
G01;2022-2-1 01:36:30;18315457.8035;7985573.22609;17394999.7095
G01;2022-2-1 01:37:00;18347583.3243;8044728.72184;17335749.2561
G01;2022-2-1 01:37:30;18379700.9834;8103626.98736;17276164.3284
G01;2022-2-1 01:38:00;18411809.2391;8162267.22874;17216246.1242
G01;2022-2-1 01:38:30;18443906.5464;8220648.66286;17155995.8475
G01;2022-2-1 01:39:00;18475991.3576;8278770.51751;17095414.7084
G01;2022-2-1 01:39:30;18508062.1217;8336632.03135;17034503.923
G01;2022-2-1 01:40:00;18540117.285;8394232.45392;16973264.7137
G01;2022-2-1 01:40:30;18572155.2908;8451571.04571;16911698.3085
G01;2022-2-1 01:41:00;18604174.58;8508647.07816;16849805.9419
G01;2022-2-1 01:41:30;18636173.5905;8565459.83368;16787588.8539
G01;2022-2-1 01:42:00;18668150.7577;8622008.60563;16725048.2907
G01;2022-2-1 01:42:30;18700104.5144;8678292.69843;16662185.5043
G01;2022-2-1 01:43:00;18732033.2911;8734311.42748;16599001.7527
G01;2022-2-1 01:43:30;18763935.5156;8790064.11924;16535498.2997
G01;2022-2-1 01:44:00;18795809.6137;8845550.11124;16471676.4149
G01;2022-2-1 01:44:30;18827654.0087;8900768.75208;16407537.3737
G01;2022-2-1 01:45:00;18859467.1218;8955719.40143;16343082.4572
G01;2022-2-1 01:45:30;18891247.3721;9010401.43012;16278312.9525
G01;2022-2-1 01:46:00;18922993.1766;9064814.22005;16213230.152
G01;2022-2-1 01:46:30;18954702.9503;9118957.1643;16147835.3542
G01;2022-2-1 01:47:00;18986375.1064;9172829.66711;16082129.8629
G01;2022-2-1 01:47:30;19018008.0562;9226431.14384;16016114.9879
G01;2022-2-1 01:48:00;19049600.2092;9279761.0211;15949792.0442
G01;2022-2-1 01:48:30;19081149.9731;9332818.73665;15883162.3527
G01;2022-2-1 01:49:00;19112655.7543;9385603.73948;15816227.2396
G01;2022-2-1 01:49:30;19144115.9573;9438115.48979;15748988.0367
G01;2022-2-1 01:50:00;19175528.9853;9490353.45902;15681446.0814
G01;2022-2-1 01:50:30;19206893.24;9542317.12986;15613602.7164
G01;2022-2-1 01:51:00;19238207.1219;9594005.99626;15545459.2897
G01;2022-2-1 01:51:30;19269469.03;9645419.5634;15477017.1551
G01;2022-2-1 01:52:00;19300677.3623;9696557.3478;15408277.6713
G01;2022-2-1 01:52:30;19331830.5155;9747418.87719;15339242.2027
G01;2022-2-1 01:53:00;19362926.8855;9798003.69066;15269912.1188
G01;2022-2-1 01:53:30;19393964.8668;9848311.33857;15200288.7944
G01;2022-2-1 01:54:00;19424942.8535;9898341.38259;15130373.6096
G01;2022-2-1 01:54:30;19455859.2383;9948093.3957;15060167.9497
G01;2022-2-1 01:55:00;19486712.4136;9997566.96224;14989673.2051
G01;2022-2-1 01:55:30;19517500.7708;10046761.6778;14918890.7715
G01;2022-2-1 01:56:00;19548222.7008;10095677.1495;14847822.0496
G01;2022-2-1 01:56:30;19578876.5939;10144312.9955;14776468.4452
G01;2022-2-1 01:57:00;19609460.8399;10192668.8456;14704831.3693
G01;2022-2-1 01:57:30;19639973.8283;10240744.3408;14632912.2377
G01;2022-2-1 01:58:00;19670413.9479;10288539.1334;14560712.4715
G01;2022-2-1 01:58:30;19700779.5877;10336052.8872;14488233.4965
G01;2022-2-1 01:59:00;19731069.1361;10383285.2773;14415476.7437
G01;2022-2-1 01:59:30;19761280.9817;10430235.9902;14342443.6487
G01;2022-2-1 02:00:00;19791413.5127;10476904.7236;14269135.6522
G01;2022-2-1 02:00:00;19791413.7255;10476905.4072;14269135.2452
G01;2022-2-1 02:00:30;19821465.3421;10523291.9003;14195553.7777
G01;2022-2-1 02:01:00;19851434.4211;10569395.844;14121700.3043
G01;2022-2-1 02:01:30;19881319.3511;10615216.9704;14047576.2799
G01;2022-2-1 02:02:00;19911118.5207;10660755.0225;13973183.1644
G01;2022-2-1 02:02:30;19940830.3193;10706009.7553;13898522.4224
G01;2022-2-1 02:03:00;19970453.1362;10750980.9346;13823595.5232
G01;2022-2-1 02:03:30;19999985.3613;10795668.3378;13748403.9407
G01;2022-2-1 02:04:00;20029425.3851;10840071.7538;13672949.1535
G01;2022-2-1 02:04:30;20058771.5985;10884190.9827;13597232.6448
G01;2022-2-1 02:05:00;20088022.3932;10928025.836;13521255.9024
G01;2022-2-1 02:05:30;20117176.1616;10971576.1364;13445020.4185
G01;2022-2-1 02:06:00;20146231.2967;11014841.7182;13368527.6899
G01;2022-2-1 02:06:30;20175186.1926;11057822.427;13291779.218
G01;2022-2-1 02:07:00;20204039.2442;11100518.1196;13214776.5085
G01;2022-2-1 02:07:30;20232788.8475;11142928.6643;13137521.0714
G01;2022-2-1 02:08:00;20261433.3995;11185053.9405;13060014.4215
G01;2022-2-1 02:08:30;20289971.2982;11226893.8392;12982258.0774
G01;2022-2-1 02:09:00;20318400.9431;11268448.2626;12904253.5624
G01;2022-2-1 02:09:30;20346720.7348;11309717.1242;12826002.4041
G01;2022-2-1 02:10:00;20374929.0753;11350700.3488;12747506.1342
G01;2022-2-1 02:10:30;20403024.368;11391397.8724;12668766.2886
G01;2022-2-1 02:11:00;20431005.0179;11431809.6426;12589784.4075
G01;2022-2-1 02:11:30;20458869.4313;11471935.6179;12510562.0352
G01;2022-2-1 02:12:00;20486616.0165;11511775.7684;12431100.7202
G01;2022-2-1 02:12:30;20514243.1831;11551330.0751;12351402.0151
G01;2022-2-1 02:13:00;20541749.3429;11590598.5306;12271467.4765
G01;2022-2-1 02:13:30;20569132.9092;11629581.1386;12191298.665
G01;2022-2-1 02:14:00;20596392.2974;11668277.9138;12110897.1453
G01;2022-2-1 02:14:30;20623525.9247;11706688.8826;12030264.4861
G01;2022-2-1 02:15:00;20650532.2107;11744814.0821;11949402.2599
G01;2022-2-1 02:15:30;20677409.5767;11782653.5609;11868312.0432
G01;2022-2-1 02:16:00;20704156.4464;11820207.3787;11786995.4163
G01;2022-2-1 02:16:30;20730771.2458;11857475.6063;11705453.9634
G01;2022-2-1 02:17:00;20757252.4032;11894458.3257;11623689.2726
G01;2022-2-1 02:17:30;20783598.3491;11931155.6301;11541702.9356
G01;2022-2-1 02:18:00;20809807.5169;11967567.6236;11459496.548
G01;2022-2-1 02:18:30;20835878.342;12003694.4216;11377071.7089
G01;2022-2-1 02:19:00;20861809.2628;12039536.1506;11294430.0214
G01;2022-2-1 02:19:30;20887598.7203;12075092.948;11211573.0919
G01;2022-2-1 02:20:00;20913245.158;12110364.9624;11128502.5306
G01;2022-2-1 02:20:30;20938747.0226;12145352.3533;11045219.9514
G01;2022-2-1 02:21:00;20964102.7633;12180055.2914;10961726.9715
G01;2022-2-1 02:21:30;20989310.8324;12214473.9582;10878025.2118
G01;2022-2-1 02:22:00;21014369.6853;12248608.5463;10794116.2966
G01;2022-2-1 02:22:30;21039277.7804;12282459.2593;10710001.8536
G01;2022-2-1 02:23:00;21064033.5791;12316026.3116;10625683.5142
G01;2022-2-1 02:23:30;21088635.5463;12349309.9286;10541162.9127
G01;2022-2-1 02:24:00;21113082.15;12382310.3465;10456441.6872
G01;2022-2-1 02:24:30;21137371.8615;12415027.8126;10371521.479
G01;2022-2-1 02:25:00;21161503.1557;12447462.5848;10286403.9326
G01;2022-2-1 02:25:30;21185474.5108;12479614.9321;10201090.6957
G01;2022-2-1 02:26:00;21209284.4087;12511485.134;10115583.4195
G01;2022-2-1 02:26:30;21232931.3347;12543073.4811;10029883.7582
G01;2022-2-1 02:27:00;21256413.778;12574380.2745;9943993.36904
G01;2022-2-1 02:27:30;21279730.2314;12605405.8263;9857913.91265
G01;2022-2-1 02:28:00;21302879.1916;12636150.459;9771647.05261
G01;2022-2-1 02:28:30;21325859.1592;12666614.5061;9685194.45558
G01;2022-2-1 02:29:00;21348668.6386;12696798.3116;9598557.79124
G01;2022-2-1 02:29:30;21371306.1383;12726702.2302;9511738.73227
G01;2022-2-1 02:30:00;21393770.1709;12756326.6272;9424738.95434
G01;2022-2-1 02:30:30;21416059.2531;12785671.8784;9337560.136
G01;2022-2-1 02:31:00;21438171.9057;12814738.3704;9250203.95872
G01;2022-2-1 02:31:30;21460106.654;12843526.5001;9162672.10686
G01;2022-2-1 02:32:00;21481862.0275;12872036.6749;9074966.26755
G01;2022-2-1 02:32:30;21503436.56;12900269.313;8987088.13078
G01;2022-2-1 02:33:00;21524828.7899;12928224.8426;8899039.38925
G01;2022-2-1 02:33:30;21546037.26;12955903.7027;8810821.73844
G01;2022-2-1 02:34:00;21567060.5179;12983306.3425;8722436.87648
G01;2022-2-1 02:34:30;21587897.1156;13010433.2216;8633886.5042
G01;2022-2-1 02:35:00;21608545.6099;13037284.81;8545172.32506
G01;2022-2-1 02:35:30;21629004.5625;13063861.5879;8456296.04509
G01;2022-2-1 02:36:00;21649272.5398;13090164.0457;8367259.37292
G01;2022-2-1 02:36:30;21669348.113;13116192.6843;8278064.01969
G01;2022-2-1 02:37:00;21689229.8586;13141948.0147;8188711.69906
G01;2022-2-1 02:37:30;21708916.3577;13167430.5579;8099204.12713
G01;2022-2-1 02:38:00;21728406.1969;13192640.8453;8009543.02246
G01;2022-2-1 02:38:30;21747697.9676;13217579.4183;7919730.106
G01;2022-2-1 02:39:00;21766790.2666;13242246.8283;7829767.10106
G01;2022-2-1 02:39:30;21785681.696;13266643.6369;7739655.73329
G01;2022-2-1 02:40:00;21804370.863;13290770.4155;7649397.73065
G01;2022-2-1 02:40:30;21822856.3805;13314627.7458;7558994.82336
G01;2022-2-1 02:41:00;21841136.8666;13338216.2191;7468448.74386
G01;2022-2-1 02:41:30;21859210.945;13361536.4367;7377761.22683
G01;2022-2-1 02:42:00;21877077.2451;13384589.01;7286934.00908
G01;2022-2-1 02:42:30;21894734.4017;13407374.56;7195968.82957
G01;2022-2-1 02:43:00;21912181.0554;13429893.7174;7104867.42938
G01;2022-2-1 02:43:30;21929415.8526;13452147.123;7013631.55163
G01;2022-2-1 02:44:00;21946437.4455;13474135.427;6922262.9415
G01;2022-2-1 02:44:30;21963244.492;13495859.2894;6830763.34615
G01;2022-2-1 02:45:00;21979835.656;13517319.38;6739134.51474
G01;2022-2-1 02:45:30;21996209.6077;13538516.3779;6647378.19834
G01;2022-2-1 02:46:00;22012365.0228;13559450.9721;6555496.14993
G01;2022-2-1 02:46:30;22028300.5835;13580123.8608;6463490.12438
G01;2022-2-1 02:47:00;22044014.978;13600535.7519;6371361.87837
G01;2022-2-1 02:47:30;22059506.9008;13620687.3628;6279113.1704
G01;2022-2-1 02:48:00;22074775.0525;13640579.4201;6186745.76073
G01;2022-2-1 02:48:30;22089818.1402;13660212.6599;6094261.41139
G01;2022-2-1 02:49:00;22104634.8773;13679587.8276;6001661.88607
G01;2022-2-1 02:49:30;22119223.9837;13698705.678;5908948.95017
G01;2022-2-1 02:50:00;22133584.1856;13717566.9749;5816124.3707
G01;2022-2-1 02:50:30;22147714.216;13736172.4915;5723189.9163
G01;2022-2-1 02:51:00;22161612.8145;13754523.0101;5630147.35717
G01;2022-2-1 02:51:30;22175278.7271;13772619.3221;5536998.46505
G01;2022-2-1 02:52:00;22188710.7067;13790462.228;5443745.01319
G01;2022-2-1 02:52:30;22201907.513;13808052.5373;5350388.77632
G01;2022-2-1 02:53:00;22214867.9124;13825391.0685;5256931.5306
G01;2022-2-1 02:53:30;22227590.6783;13842478.6491;5163375.0536
G01;2022-2-1 02:54:00;22240074.591;13859316.1154;5069721.12426
G01;2022-2-1 02:54:30;22252318.4376;13875904.3126;4975971.52289
G01;2022-2-1 02:55:00;22264321.0125;13892244.0947;4882128.03107
G01;2022-2-1 02:55:30;22276081.117;13908336.3244;4788192.43169
G01;2022-2-1 02:56:00;22287597.5597;13924181.8733;4694166.50885
G01;2022-2-1 02:56:30;22298869.1562;13939781.6215;4600052.04789
G01;2022-2-1 02:57:00;22309894.7294;13955136.4578;4505850.83531
G01;2022-2-1 02:57:30;22320673.1097;13970247.2794;4411564.65876
G01;2022-2-1 02:58:00;22331203.1346;13985114.9923;4317195.307
G01;2022-2-1 02:58:30;22341483.6491;13999740.5108;4222744.56986
G01;2022-2-1 02:59:00;22351513.5055;14014124.7577;4128214.23825
G01;2022-2-1 02:59:30;22361291.5638;14028268.6642;4033606.10404
G01;2022-2-1 03:00:00;22370816.6915;14042173.1697;3938921.96013
G01;2022-2-1 03:00:30;22380087.7636;14055839.2221;3844163.60033
G01;2022-2-1 03:01:00;22389103.6628;14069267.7773;3749332.81938
G01;2022-2-1 03:01:30;22397863.2795;14082459.7997;3654431.41292
G01;2022-2-1 03:02:00;22406365.5118;14095416.2614;3559461.1774
G01;2022-2-1 03:02:30;22414609.2657;14108138.143;3464423.91011
G01;2022-2-1 03:03:00;22422593.4548;14120626.433;3369321.40913
G01;2022-2-1 03:03:30;22430317.0009;14132882.1278;3274155.47328
G01;2022-2-1 03:04:00;22437778.8335;14144906.2317;3178927.90209
G01;2022-2-1 03:04:30;22444977.8901;14156699.7572;3083640.4958
G01;2022-2-1 03:05:00;22451913.1163;14168263.7242;2988295.05528
G01;2022-2-1 03:05:30;22458583.4658;14179599.1606;2892893.38203
G01;2022-2-1 03:06:00;22464987.9002;14190707.1022;2797437.27813
G01;2022-2-1 03:06:30;22471125.3895;14201588.5921;2701928.54624
G01;2022-2-1 03:07:00;22476994.9119;14212244.6814;2606368.98951
G01;2022-2-1 03:07:30;22482595.4536;14222676.4284;2510760.4116
G01;2022-2-1 03:08:00;22487926.0094;14232884.8992;2415104.61663
G01;2022-2-1 03:08:30;22492985.5823;14242871.1672;2319403.40914
G01;2022-2-1 03:09:00;22497773.1836;14252636.3134;2223658.59405
G01;2022-2-1 03:09:30;22502287.8331;14262181.4259;2127871.97665
G01;2022-2-1 03:10:00;22506528.5591;14271507.6002;2032045.36259
G01;2022-2-1 03:10:30;22510494.3984;14280615.9392;1936180.55776
G01;2022-2-1 03:11:00;22514184.3964;14289507.5528;1840279.36835
G01;2022-2-1 03:11:30;22517597.607;14298183.5581;1744343.60077
G01;2022-2-1 03:12:00;22520733.0927;14306645.0792;1648375.06164
G01;2022-2-1 03:12:30;22523589.9248;14314893.2474;1552375.55773
G01;2022-2-1 03:13:00;22526167.1832;14322929.2008;1456346.89595
G01;2022-2-1 03:13:30;22528463.9568;14330754.0845;1360290.88333
G01;2022-2-1 03:14:00;22530479.3429;14338369.0505;1264209.32695
G01;2022-2-1 03:14:30;22532212.4481;14345775.2574;1168104.03394
G01;2022-2-1 03:15:00;22533662.3874;14352973.8707;1071976.81142
G01;2022-2-1 03:15:30;22534828.2852;14359966.0625;975829.466505
G01;2022-2-1 03:16:00;22535709.2744;14366753.0117;879663.80624
G01;2022-2-1 03:16:30;22536304.4972;14373335.9036;783481.637584
G01;2022-2-1 03:17:00;22536613.1047;14379715.93;687284.767374
G01;2022-2-1 03:17:30;22536634.2572;14385894.2892;591075.002295
G01;2022-2-1 03:18:00;22536367.124;14391872.186;494854.148844
G01;2022-2-1 03:18:30;22535810.8834;14397650.8313;398624.013302
G01;2022-2-1 03:19:00;22534964.7232;14403231.4425;302386.401702
G01;2022-2-1 03:19:30;22533827.8402;14408615.243;206143.119794
G01;2022-2-1 03:20:00;22532399.4404;14413803.4627;109895.973019
G01;2022-2-1 03:20:30;22530678.7394;14418797.3371;13646.7664715
G01;2022-2-1 03:21:00;22528664.9617;14423598.1082;-82602.6951303
G01;2022-2-1 03:21:30;22526357.3415;14428207.0237;-178850.607474
G01;2022-2-1 03:22:00;22523755.1222;14432625.3373;-275095.166687
G01;2022-2-1 03:22:30;22520857.5566;14436854.3086;-371334.569367
G01;2022-2-1 03:23:00;22517663.9072;14440895.203;-467567.012614
G01;2022-2-1 03:23:30;22514173.4456;14444749.2915;-563790.694061
G01;2022-2-1 03:24:00;22510385.4534;14448417.8508;-660003.811906
G01;2022-2-1 03:24:30;22506299.2213;14451902.1635;-756204.564943
G01;2022-2-1 03:25:00;22501914.0498;14455203.5173;-852391.152595
G01;2022-2-1 03:25:30;22497229.249;14458323.2057;-948561.774943
G01;2022-2-1 03:26:00;22492244.1388;14461262.5276;-1044714.63276
G01;2022-2-1 03:26:30;22486958.0484;14464022.7871;-1140847.92753
G01;2022-2-1 03:27:00;22481370.3171;14466605.2938;-1236959.86151
G01;2022-2-1 03:27:30;22475480.2937;14469011.3623;-1333048.63773
G01;2022-2-1 03:28:00;22469287.3368;14471242.3127;-1429112.46002
G01;2022-2-1 03:28:30;22462790.8149;14473299.47;-1525149.53309
G01;2022-2-1 03:29:00;22455990.1062;14475184.1642;-1621158.06249
G01;2022-2-1 03:29:30;22448884.5989;14476897.7304;-1717136.2547
G01;2022-2-1 03:30:00;22441473.6909;14478441.5087;-1813082.31713
G01;2022-2-1 03:30:30;22433756.7902;14479816.8439;-1908994.45818
G01;2022-2-1 03:31:00;22425733.3145;14481025.0857;-2004870.88722
G01;2022-2-1 03:31:30;22417402.6918;14482067.5885;-2100709.81467
G01;2022-2-1 03:32:00;22408764.3597;14482945.7112;-2196509.452
G01;2022-2-1 03:32:30;22399817.7661;14483660.8177;-2292268.0118
G01;2022-2-1 03:33:00;22390562.3688;14484214.2762;-2387983.70776
G01;2022-2-1 03:33:30;22380997.6358;14484607.4592;-2483654.75471
G01;2022-2-1 03:34:00;22371123.045;14484841.744;-2579279.36871
G01;2022-2-1 03:34:30;22360938.0845;14484918.512;-2674855.76699
G01;2022-2-1 03:35:00;22350442.2527;14484839.1489;-2770382.16806
G01;2022-2-1 03:35:30;22339635.0578;14484605.0447;-2865856.79168
G01;2022-2-1 03:36:00;22328516.0185;14484217.5935;-2961277.85893
G01;2022-2-1 03:36:30;22317084.6636;14483678.1935;-3056643.59224
G01;2022-2-1 03:37:00;22305340.5321;14482988.2469;-3151952.21538
G01;2022-2-1 03:37:30;22293283.1733;14482149.1598;-3247201.95353
G01;2022-2-1 03:38:00;22280912.1468;14481162.3424;-3342391.0333
G01;2022-2-1 03:38:30;22268227.0223;14480029.2086;-3437517.68276
G01;2022-2-1 03:39:00;22255227.38;14478751.1759;-3532580.13147
G01;2022-2-1 03:39:30;22241912.8105;14477329.6658;-3627576.61049
G01;2022-2-1 03:40:00;22228282.9144;14475766.1031;-3722505.35245
G01;2022-2-1 03:40:30;22214337.3032;14474061.9166;-3817364.59155
G01;2022-2-1 03:41:00;22200075.5982;14472218.538;-3912152.5636
G01;2022-2-1 03:41:30;22185497.4317;14470237.403;-4006867.50603
G01;2022-2-1 03:42:00;22170602.4459;14468119.9503;-4101507.65798
G01;2022-2-1 03:42:30;22155390.2937;14465867.622;-4196071.26024
G01;2022-2-1 03:43:00;22139860.6385;14463481.8635;-4290556.55535
G01;2022-2-1 03:43:30;22124013.1542;14460964.1232;-4384961.78762
G01;2022-2-1 03:44:00;22107847.5249;14458315.8528;-4479285.20312
G01;2022-2-1 03:44:30;22091363.4456;14455538.5069;-4573525.04975
G01;2022-2-1 03:45:00;22074560.6216;14452633.543;-4667679.57725
G01;2022-2-1 03:45:30;22057438.7687;14449602.4216;-4761747.03726
G01;2022-2-1 03:46:00;22039997.6134;14446446.606;-4855725.68328
G01;2022-2-1 03:46:30;22022236.8928;14443167.5622;-4949613.77078
G01;2022-2-1 03:47:00;22004156.3543;14439766.759;-5043409.55717
G01;2022-2-1 03:47:30;21985755.7563;14436245.6678;-5137111.30188
G01;2022-2-1 03:48:00;21967034.8674;14432605.7624;-5230717.26633
G01;2022-2-1 03:48:30;21947993.4671;14428848.5192;-5324225.71402
G01;2022-2-1 03:49:00;21928631.3455;14424975.4171;-5417634.9105
G01;2022-2-1 03:49:30;21908948.3033;14420987.9373;-5510943.12346
G01;2022-2-1 03:50:00;21888944.1518;14416887.5631;-5604148.6227
G01;2022-2-1 03:50:30;21868618.713;14412675.7802;-5697249.68021
G01;2022-2-1 03:51:00;21847971.8198;14408354.0765;-5790244.57016
G01;2022-2-1 03:51:30;21827003.3153;14403923.9419;-5883131.56895
G01;2022-2-1 03:52:00;21805713.0538;14399386.8682;-5975908.95523
G01;2022-2-1 03:52:30;21784100.9001;14394744.3493;-6068575.00994
G01;2022-2-1 03:53:00;21762166.7296;14389997.8809;-6161128.01633
G01;2022-2-1 03:53:30;21739910.4286;14385148.9605;-6253566.25997
G01;2022-2-1 03:54:00;21717331.8941;14380199.0874;-6345888.02883
G01;2022-2-1 03:54:30;21694431.0338;14375149.7625;-6438091.61324
G01;2022-2-1 03:55:00;21671207.7661;14370002.4883;-6530175.30599
G01;2022-2-1 03:55:30;21647662.0202;14364758.7689;-6622137.4023
G01;2022-2-1 03:56:00;21623793.7362;14359420.1098;-6713976.19988
G01;2022-2-1 03:56:30;21599602.8647;14353988.018;-6805689.99895
G01;2022-2-1 03:57:00;21575089.3673;14348464.0016;-6897277.10226
G01;2022-2-1 03:57:30;21550253.2162;14342849.5701;-6988735.81513
G01;2022-2-1 03:58:00;21525094.3945;14337146.2343;-7080064.44548
G01;2022-2-1 03:58:30;21499612.8961;14331355.5059;-7171261.30385
G01;2022-2-1 03:59:00;21473808.7255;14325478.8978;-7262324.70342
G01;2022-2-1 03:59:30;21447681.8982;14319517.9239;-7353252.96006
G01;2022-2-1 04:00:00;21421232.4405;14313474.0989;-7444044.39234
G01;2022-2-1 04:00:00;21421232.4123;14313473.8415;-7444044.19896
G01;2022-2-1 04:00:30;21394460.3456;14307348.6659;-7534697.13333
G01;2022-2-1 04:01:00;21367365.7328;14301143.6708;-7625209.88896
G01;2022-2-1 04:01:30;21339948.6326;14294860.3732;-7715580.7927
G01;2022-2-1 04:02:00;21312209.1143;14288500.2908;-7805808.17424
G01;2022-2-1 04:02:30;21284147.2582;14282064.942;-7895890.36608
G01;2022-2-1 04:03:00;21255763.1552;14275555.8455;-7985825.70362
G01;2022-2-1 04:03:30;21227056.9072;14268974.5205;-8075612.52514
G01;2022-2-1 04:04:00;21198028.6267;14262322.4866;-8165249.17186
G01;2022-2-1 04:04:30;21168678.4373;14255601.2638;-8254733.98795
G01;2022-2-1 04:05:00;21139006.473;14248812.372;-8344065.32055
G01;2022-2-1 04:05:30;21109012.8789;14241957.3316;-8433241.51983
G01;2022-2-1 04:06:00;21078697.8109;14235037.6629;-8522260.93896
G01;2022-2-1 04:06:30;21048061.4354;14228054.8864;-8611121.93421
G01;2022-2-1 04:07:00;21017103.9299;14221010.5223;-8699822.86493
G01;2022-2-1 04:07:30;20985825.4825;14213906.0908;-8788362.09355
G01;2022-2-1 04:08:00;20954226.2922;14206743.112;-8876737.9857
G01;2022-2-1 04:08:30;20922306.5687;14199523.1056;-8964948.91014
G01;2022-2-1 04:09:00;20890066.5325;14192247.5912;-9052993.23884
G01;2022-2-1 04:09:30;20857506.4148;14184918.0877;-9140869.34699
G01;2022-2-1 04:10:00;20824626.4577;14177536.1138;-9228575.61303
G01;2022-2-1 04:10:30;20791426.9139;14170103.1876;-9316110.41868
G01;2022-2-1 04:11:00;20757908.047;14162620.8266;-9403472.14896
G01;2022-2-1 04:11:30;20724070.1312;14155090.5475;-9490659.19221
G01;2022-2-1 04:12:00;20689913.4515;14147513.8666;-9577669.94015
G01;2022-2-1 04:12:30;20655438.3037;14139892.299;-9664502.78785
G01;2022-2-1 04:13:00;20620644.9941;14132227.3592;-9751156.13382
G01;2022-2-1 04:13:30;20585533.84;14124520.5608;-9837628.37998
G01;2022-2-1 04:14:00;20550105.1691;14116773.4161;-9923917.93172
G01;2022-2-1 04:14:30;20514359.32;14108987.4367;-10010023.1979
G01;2022-2-1 04:15:00;20478296.642;14101164.1328;-10095942.591
G01;2022-2-1 04:15:30;20441917.4949;14093305.0135;-10181674.5268
G01;2022-2-1 04:16:00;20405222.2493;14085411.5867;-10267217.4249
G01;2022-2-1 04:16:30;20368211.2863;14077485.3587;-10352569.7083
G01;2022-2-1 04:17:00;20330884.9979;14069527.8346;-10437729.8037
G01;2022-2-1 04:17:30;20293243.7865;14061540.5181;-10522696.1416
G01;2022-2-1 04:18:00;20255288.0651;14053524.9111;-10607467.1558
G01;2022-2-1 04:18:30;20217018.2574;14045482.5142;-10692041.2841
G01;2022-2-1 04:19:00;20178434.7978;14037414.8259;-10776416.9678
G01;2022-2-1 04:19:30;20139538.131;14029323.3435;-10860592.6522
G01;2022-2-1 04:20:00;20100328.7124;14021209.562;-10944566.7862
G01;2022-2-1 04:20:30;20060807.008;14013074.9748;-11028337.8225
G01;2022-2-1 04:21:00;20020973.4943;14004921.0733;-11111904.2176
G01;2022-2-1 04:21:30;19980828.6582;13996749.3468;-11195264.4319
G01;2022-2-1 04:22:00;19940372.9972;13988561.2826;-11278416.9297
G01;2022-2-1 04:22:30;19899607.0194;13980358.3659;-11361360.179
G01;2022-2-1 04:23:00;19858531.2431;13972142.0797;-11444092.6521
G01;2022-2-1 04:23:30;19817146.1973;13963913.9044;-11526612.8248
G01;2022-2-1 04:24:00;19775452.4212;13955675.3186;-11608919.1771
G01;2022-2-1 04:24:30;19733450.4647;13947427.7981;-11691010.1931
G01;2022-2-1 04:25:00;19691140.8878;13939172.8163;-11772884.3607
G01;2022-2-1 04:25:30;19648524.261;13930911.8441;-11854540.1719
G01;2022-2-1 04:26:00;19605601.1654;13922646.3498;-11935976.1228
G01;2022-2-1 04:26:30;19562372.192;13914377.7991;-12017190.7137
G01;2022-2-1 04:27:00;19518837.9424;13906107.6548;-12098182.4488
G01;2022-2-1 04:27:30;19474999.0285;13897837.377;-12178949.8365
G01;2022-2-1 04:28:00;19430856.0723;13889568.4229;-12259491.3895
G01;2022-2-1 04:28:30;19386409.7063;13881302.2468;-12339805.6245
G01;2022-2-1 04:29:00;19341660.5732;13873040.3;-12419891.0626
G01;2022-2-1 04:29:30;19296609.3256;13864784.0308;-12499746.2291
G01;2022-2-1 04:30:00;19251256.6267;13856534.8841;-12579369.6533
G01;2022-2-1 04:30:30;19205603.1498;13848294.302;-12658759.8691
G01;2022-2-1 04:31:00;19159649.578;13840063.7231;-12737915.4146
G01;2022-2-1 04:31:30;19113396.605;13831844.5828;-12816834.8323
G01;2022-2-1 04:32:00;19066844.9344;13823638.3129;-12895516.6688
G01;2022-2-1 04:32:30;19019995.2797;13815446.3421;-12973959.4754
G01;2022-2-1 04:33:00;18972848.3648;13807270.0953;-13052161.8077
G01;2022-2-1 04:33:30;18925404.9233;13799110.994;-13130122.2255
G01;2022-2-1 04:34:00;18877665.6991;13790970.4559;-13207839.2934
G01;2022-2-1 04:34:30;18829631.4459;13782849.8952;-13285311.5802
G01;2022-2-1 04:35:00;18781302.9274;13774750.7222;-13362537.6595
G01;2022-2-1 04:35:30;18732680.9172;13766674.3435;-13439516.109
G01;2022-2-1 04:36:00;18683766.1988;13758622.1616;-13516245.5112
G01;2022-2-1 04:36:30;18634559.5656;13750595.5752;-13592724.4533
G01;2022-2-1 04:37:00;18585061.821;13742595.979;-13668951.5268
G01;2022-2-1 04:37:30;18535273.7778;13734624.7637;-13744925.3279
G01;2022-2-1 04:38:00;18485196.2591;13726683.3156;-13820644.4575
G01;2022-2-1 04:38:30;18434830.0974;13718773.0171;-13896107.5211
G01;2022-2-1 04:39:00;18384176.135;13710895.2461;-13971313.1289
G01;2022-2-1 04:39:30;18333235.2241;13703051.3763;-14046259.8959
G01;2022-2-1 04:40:00;18282008.2263;13695242.7771;-14120946.4415
G01;2022-2-1 04:40:30;18230496.013;13687470.8133;-14195371.3903
G01;2022-2-1 04:41:00;18178699.4652;13679736.8452;-14269533.3714
G01;2022-2-1 04:41:30;18126619.4735;13672042.2287;-14343431.0186
G01;2022-2-1 04:42:00;18074256.938;13664388.315;-14417062.9707
G01;2022-2-1 04:42:30;18021612.7682;13656776.4506;-14490427.8713
G01;2022-2-1 04:43:00;17968687.8834;13649207.9771;-14563524.3689
G01;2022-2-1 04:43:30;17915483.2122;13641684.2316;-14636351.1167
G01;2022-2-1 04:44:00;17861999.6924;13634206.5462;-14708906.7729
G01;2022-2-1 04:44:30;17808238.2716;13626776.2479;-14781190.0007
G01;2022-2-1 04:45:00;17754199.9064;13619394.6591;-14853199.4682
G01;2022-2-1 04:45:30;17699885.563;13612063.0969;-14924933.8485
G01;2022-2-1 04:46:00;17645296.2167;13604782.8732;-14996391.8195
G01;2022-2-1 04:46:30;17590432.8521;13597555.2951;-15067572.0642
G01;2022-2-1 04:47:00;17535296.4631;13590381.6641;-15138473.2709
G01;2022-2-1 04:47:30;17479888.0526;13583263.2768;-15209094.1326
G01;2022-2-1 04:48:00;17424208.6329;13576201.4242;-15279433.3475
G01;2022-2-1 04:48:30;17368259.2252;13569197.3919;-15349489.6189
G01;2022-2-1 04:49:00;17312040.8599;13562252.4603;-15419261.6552
G01;2022-2-1 04:49:30;17255554.5763;13555367.9041;-15488748.17
G01;2022-2-1 04:50:00;17198801.423;13548544.9924;-15557947.882
G01;2022-2-1 04:50:30;17141782.4572;13541784.9889;-15626859.515
G01;2022-2-1 04:51:00;17084498.7452;13535089.1515;-15695481.7982
G01;2022-2-1 04:51:30;17026951.3623;13528458.7323;-15763813.4659
G01;2022-2-1 04:52:00;16969141.3925;13521894.9777;-15831853.2575
G01;2022-2-1 04:52:30;16911069.9285;13515399.1284;-15899599.918
G01;2022-2-1 04:53:00;16852738.0722;13508972.4189;-15967052.1974
G01;2022-2-1 04:53:30;16794146.9337;13502616.0779;-16034208.8511
G01;2022-2-1 04:54:00;16735297.6322;13496331.3283;-16101068.6399
G01;2022-2-1 04:54:30;16676191.2954;13490119.3866;-16167630.3297
G01;2022-2-1 04:55:00;16616829.0596;13483981.4634;-16233892.6921
G01;2022-2-1 04:55:30;16557212.0697;13477918.7631;-16299854.5037
G01;2022-2-1 04:56:00;16497341.4792;13471932.4839;-16365514.547
G01;2022-2-1 04:56:30;16437218.4499;13466023.8175;-16430871.6094
G01;2022-2-1 04:57:00;16376844.1523;13460193.9496;-16495924.484
G01;2022-2-1 04:57:30;16316219.7652;13454444.0593;-16560671.9695
G01;2022-2-1 04:58:00;16255346.4756;13448775.3195;-16625112.8698
G01;2022-2-1 04:58:30;16194225.4791;13443188.8963;-16689245.9945
G01;2022-2-1 04:59:00;16132857.9795;13437685.9495;-16753070.1586
G01;2022-2-1 04:59:30;16071245.1887;13432267.6322;-16816584.1827
G01;2022-2-1 05:00:00;16009388.3269;13426935.091;-16879786.893
G01;2022-2-1 05:00:30;15947288.6225;13421689.4655;-16942677.1212
G01;2022-2-1 05:01:00;15884947.3119;13416531.889;-17005253.7046
G01;2022-2-1 05:01:30;15822365.6396;13411463.4876;-17067515.4863
G01;2022-2-1 05:02:00;15759544.8582;13406485.3807;-17129461.3148
G01;2022-2-1 05:02:30;15696486.2281;13401598.681;-17191090.0443
G01;2022-2-1 05:03:00;15633191.0177;13396804.494;-17252400.5348
G01;2022-2-1 05:03:30;15569660.5035;13392103.9183;-17313391.652
G01;2022-2-1 05:04:00;15505895.9694;13387498.0454;-17374062.2671
G01;2022-2-1 05:04:30;15441898.7075;13382987.9598;-17434411.2573
G01;2022-2-1 05:05:00;15377670.0174;13378574.7389;-17494437.5053
G01;2022-2-1 05:05:30;15313211.2064;13374259.4527;-17554139.8998
G01;2022-2-1 05:06:00;15248523.5896;13370043.1641;-17613517.3351
G01;2022-2-1 05:06:30;15183608.4896;13365926.9288;-17672568.7114
G01;2022-2-1 05:07:00;15118467.2365;13361911.7951;-17731292.9348
G01;2022-2-1 05:07:30;15053101.168;13357998.8037;-17789688.9171
G01;2022-2-1 05:08:00;14987511.6292;13354188.9883;-17847755.5761
G01;2022-2-1 05:08:30;14921699.9727;13350483.3748;-17905491.8352
G01;2022-2-1 05:09:00;14855667.5583;13346882.9816;-17962896.6241
G01;2022-2-1 05:09:30;14789415.7532;13343388.8198;-18019968.8782
G01;2022-2-1 05:10:00;14722945.9318;13340001.8925;-18076707.5387
G01;2022-2-1 05:10:30;14656259.4758;13336723.1955;-18133111.553
G01;2022-2-1 05:11:00;14589357.7741;13333553.7167;-18189179.8744
G01;2022-2-1 05:11:30;14522242.2226;13330494.4363;-18244911.4621
G01;2022-2-1 05:12:00;14454914.2241;13327546.3266;-18300305.2813
G01;2022-2-1 05:12:30;14387375.1888;13324710.3524;-18355360.3034
G01;2022-2-1 05:13:00;14319626.5336;13321987.4702;-18410075.5056
G01;2022-2-1 05:13:30;14251669.6822;13319378.6289;-18464449.8714
G01;2022-2-1 05:14:00;14183506.0655;13316884.7692;-18518482.3902
G01;2022-2-1 05:14:30;14115137.1209;13314506.8241;-18572172.0575
G01;2022-2-1 05:15:00;14046564.2926;13312245.7181;-18625517.8749
G01;2022-2-1 05:15:30;13977789.0316;13310102.3681;-18678518.8503
G01;2022-2-1 05:16:00;13908812.7955;13308077.6824;-18731173.9975
G01;2022-2-1 05:16:30;13839637.0485;13306172.5616;-18783482.3366
G01;2022-2-1 05:17:00;13770263.2612;13304387.8977;-18835442.8938
G01;2022-2-1 05:17:30;13700692.9108;13302724.5746;-18887054.7016
G01;2022-2-1 05:18:00;13630927.4811;13301183.4678;-18938316.7986
G01;2022-2-1 05:18:30;13560968.4619;13299765.4448;-18989228.2296
G01;2022-2-1 05:19:00;13490817.3496;13298471.3642;-19039788.0458
G01;2022-2-1 05:19:30;13420475.6467;13297302.0767;-19089995.3045
G01;2022-2-1 05:20:00;13349944.8621;13296258.4241;-19139849.0694
G01;2022-2-1 05:20:30;13279226.5107;13295341.2401;-19189348.4103
G01;2022-2-1 05:21:00;13208322.1135;13294551.3495;-19238492.4035
G01;2022-2-1 05:21:30;13137233.1977;13293889.5688;-19287280.1315
G01;2022-2-1 05:22:00;13065961.2962;13293356.7058;-19335710.6832
G01;2022-2-1 05:22:30;12994507.9482;13292953.5597;-19383783.1538
G01;2022-2-1 05:23:00;12922874.6985;13292680.9208;-19431496.6449
G01;2022-2-1 05:23:30;12851063.0978;13292539.5711;-19478850.2645
G01;2022-2-1 05:24:00;12779074.7027;13292530.2834;-19525843.127
G01;2022-2-1 05:24:30;12706911.0752;13292653.8221;-19572474.3531
G01;2022-2-1 05:25:00;12634573.7831;13292910.9424;-19618743.0701
G01;2022-2-1 05:25:30;12562064.4001;13293302.391;-19664648.4116
G01;2022-2-1 05:26:00;12489384.5048;13293828.9054;-19710189.5177
G01;2022-2-1 05:26:30;12416535.6819;13294491.2144;-19755365.5351
G01;2022-2-1 05:27:00;12343519.5212;13295290.0377;-19800175.6168
G01;2022-2-1 05:27:30;12270337.6178;13296226.0861;-19844618.9224
G01;2022-2-1 05:28:00;12196991.5723;13297300.0612;-19888694.618
G01;2022-2-1 05:28:30;12123482.9904;13298512.6557;-19932401.8762
G01;2022-2-1 05:29:00;12049813.4831;13299864.5531;-19975739.8763
G01;2022-2-1 05:29:30;11975984.6664;13301356.428;-20018707.804
G01;2022-2-1 05:30:00;11901998.1615;13302988.9456;-20061304.8515
G01;2022-2-1 05:30:30;11827855.5944;13304762.7618;-20103530.2179
G01;2022-2-1 05:31:00;11753558.5964;13306678.5237;-20145383.1086
G01;2022-2-1 05:31:30;11679108.8033;13308736.8688;-20186862.7357
G01;2022-2-1 05:32:00;11604507.8559;13310938.4254;-20227968.3181
G01;2022-2-1 05:32:30;11529757.3998;13313283.8125;-20268699.0812
G01;2022-2-1 05:33:00;11454859.0853;13315773.6398;-20309054.2569
G01;2022-2-1 05:33:30;11379814.5672;13318408.5076;-20349033.0842
G01;2022-2-1 05:34:00;11304625.5052;13321189.0068;-20388634.8084
G01;2022-2-1 05:34:30;11229293.5631;13324115.7189;-20427858.6817
G01;2022-2-1 05:35:00;11153820.4095;13327189.2158;-20466703.9629
G01;2022-2-1 05:35:30;11078207.7173;13330410.0601;-20505169.9176
G01;2022-2-1 05:36:00;11002457.1636;13333778.8048;-20543255.8182
G01;2022-2-1 05:36:30;10926570.43;13337295.9934;-20580960.9437
G01;2022-2-1 05:37:00;10850549.2023;13340962.1599;-20618284.5799
G01;2022-2-1 05:37:30;10774395.1702;13344777.8284;-20655226.0197
G01;2022-2-1 05:38:00;10698110.0277;13348743.5139;-20691784.5622
G01;2022-2-1 05:38:30;10621695.4728;13352859.7212;-20727959.5138
G01;2022-2-1 05:39:00;10545153.2075;13357126.9459;-20763750.1876
G01;2022-2-1 05:39:30;10468484.9376;13361545.6736;-20799155.9034
G01;2022-2-1 05:40:00;10391692.3728;13366116.3804;-20834175.988
G01;2022-2-1 05:40:30;10314777.2267;13370839.5325;-20868809.7749
G01;2022-2-1 05:41:00;10237741.2163;13375715.5864;-20903056.6046
G01;2022-2-1 05:41:30;10160586.0626;13380744.9889;-20936915.8245
G01;2022-2-1 05:42:00;10083313.4899;13385928.1769;-20970386.7888
G01;2022-2-1 05:42:30;10005925.2263;13391265.5774;-21003468.8586
G01;2022-2-1 05:43:00;9928423.00309;13396757.6077;-21036161.402
G01;2022-2-1 05:43:30;9850808.55513;13402404.6752;-21068463.7941
G01;2022-2-1 05:44:00;9773083.62057;13408207.1774;-21100375.4166
G01;2022-2-1 05:44:30;9695249.94081;13414165.5018;-21131895.6585
G01;2022-2-1 05:45:00;9617309.26046;13420280.0261;-21163023.9157
G01;2022-2-1 05:45:30;9539263.32729;13426551.1179;-21193759.5911
G01;2022-2-1 05:46:00;9461113.89212;13432979.135;-21224102.0943
G01;2022-2-1 05:46:30;9382862.70879;13439564.4252;-21254050.8423
G01;2022-2-1 05:47:00;9304511.53408;13446307.326;-21283605.2588
G01;2022-2-1 05:47:30;9226062.12766;13453208.1653;-21312764.7748
G01;2022-2-1 05:48:00;9147516.25201;13460267.2608;-21341528.828
G01;2022-2-1 05:48:30;9068875.67236;13467484.9199;-21369896.8635
G01;2022-2-1 05:49:00;8990142.15662;13474861.4402;-21397868.3333
G01;2022-2-1 05:49:30;8911317.47533;13482397.1092;-21425442.6963
G01;2022-2-1 05:50:00;8832403.40157;13490092.2042;-21452619.4187
G01;2022-2-1 05:50:30;8753401.71092;13497946.9923;-21479397.9737
G01;2022-2-1 05:51:00;8674314.18138;13505961.7307;-21505777.8417
G01;2022-2-1 05:51:30;8595142.59329;13514136.6663;-21531758.51
G01;2022-2-1 05:52:00;8515888.72931;13522472.0357;-21557339.4732
G01;2022-2-1 05:52:30;8436554.37429;13530968.0657;-21582520.2329
G01;2022-2-1 05:53:00;8357141.31528;13539624.9724;-21607300.298
G01;2022-2-1 05:53:30;8277651.34138;13548442.9622;-21631679.1844
G01;2022-2-1 05:54:00;8198086.24374;13557422.2309;-21655656.4152
G01;2022-2-1 05:54:30;8118447.81546;13566562.9643;-21679231.5208
G01;2022-2-1 05:55:00;8038737.85155;13575865.3378;-21702404.0384
G01;2022-2-1 05:55:30;7958958.14881;13585329.5166;-21725173.5129
G01;2022-2-1 05:56:00;7879110.50584;13594955.6558;-21747539.4961
G01;2022-2-1 05:56:30;7799196.72291;13604743.8999;-21769501.5469
G01;2022-2-1 05:57:00;7719218.60191;13614694.3835;-21791059.2316
G01;2022-2-1 05:57:30;7639177.94631;13624807.2305;-21812212.1238
G01;2022-2-1 05:58:00;7559076.56105;13635082.5547;-21832959.8042
G01;2022-2-1 05:58:30;7478916.25252;13645520.4597;-21853301.8607
G01;2022-2-1 05:59:00;7398698.82845;13656121.0387;-21873237.8885
G01;2022-2-1 05:59:30;7318426.09786;13666884.3744;-21892767.4901
G01;2022-2-1 06:00:00;7238099.87099;13677810.5394;-21911890.2753
G01;2022-2-1 22:00:00;13787527.3427;-21149873.4375;7373395.20254
G01;2022-2-1 22:00:30;13782653.5747;-21119938.8147;7465326.39611
G01;2022-2-1 22:01:00;13777705.6942;-21089667.3118;7557110.35139
G01;2022-2-1 22:01:30;13772685.2282;-21059059.0284;7648745.24688
G01;2022-2-1 22:02:00;13767593.7047;-21028114.0764;7740229.26383
G01;2022-2-1 22:02:30;13762432.6521;-20996832.5795;7831560.58627
G01;2022-2-1 22:03:00;13757203.5999;-20965214.6734;7922737.4011
G01;2022-2-1 22:03:30;13751908.0778;-20933260.5061;8013757.89805
G01;2022-2-1 22:04:00;13746547.6161;-20900970.2375;8104620.26979
G01;2022-2-1 22:04:30;13741123.7456;-20868344.0396;8195322.71194
G01;2022-2-1 22:05:00;13735637.9973;-20835382.0962;8285863.42312
G01;2022-2-1 22:05:30;13730091.9027;-20802084.6037;8376240.60495
G01;2022-2-1 22:06:00;13724486.9932;-20768451.77;8466452.46215
G01;2022-2-1 22:06:30;13718824.8005;-20734483.8153;8556497.20256
G01;2022-2-1 22:07:00;13713106.8563;-20700180.972;8646373.03714
G01;2022-2-1 22:07:30;13707334.6924;-20665543.4841;8736078.18006
G01;2022-2-1 22:08:00;13701509.8401;-20630571.6081;8825610.84871
G01;2022-2-1 22:08:30;13695633.8311;-20595265.6123;8914969.26377
G01;2022-2-1 22:09:00;13689708.1963;-20559625.777;9004151.6492
G01;2022-2-1 22:09:30;13683734.4665;-20523652.3947;9093156.23232
G01;2022-2-1 22:10:00;13677714.1721;-20487345.7698;9181981.24385
G01;2022-2-1 22:10:30;13671648.8431;-20450706.2187;9270624.91791
G01;2022-2-1 22:11:00;13665540.0088;-20413734.0699;9359085.49209
G01;2022-2-1 22:11:30;13659389.1979;-20376429.6639;9447361.20751
G01;2022-2-1 22:12:00;13653197.9383;-20338793.3531;9535450.3088
G01;2022-2-1 22:12:30;13646967.7573;-20300825.502;9623351.04418
G01;2022-2-1 22:13:00;13640700.1812;-20262526.4869;9711061.6655
G01;2022-2-1 22:13:30;13634396.7356;-20223896.6963;9798580.42827
G01;2022-2-1 22:14:00;13628058.9447;-20184936.5306;9885905.59167
G01;2022-2-1 22:14:30;13621688.3319;-20145646.402;9973035.41865
G01;2022-2-1 22:15:00;13615286.4194;-20106026.7348;10059968.1759
G01;2022-2-1 22:15:30;13608854.7281;-20066077.9651;10146702.134
G01;2022-2-1 22:16:00;13602394.7777;-20025800.5411;10233235.5672
G01;2022-2-1 22:16:30;13595908.0864;-19985194.9227;10319566.7539
G01;2022-2-1 22:17:00;13589396.1711;-19944261.5818;10405693.9763
G01;2022-2-1 22:17:30;13582860.5468;-19903001.0023;10491615.5204
G01;2022-2-1 22:18:00;13576302.7274;-19861413.6796;10577329.6764
G01;2022-2-1 22:18:30;13569724.2248;-19819500.1213;10662834.7386
G01;2022-2-1 22:19:00;13563126.5492;-19777260.8467;10748129.0052
G01;2022-2-1 22:19:30;13556511.209;-19734696.3869;10833210.7786
G01;2022-2-1 22:20:00;13549879.7107;-19691807.2848;10918078.3654
G01;2022-2-1 22:20:30;13543233.5588;-19648594.0952;11002730.0763
G01;2022-2-1 22:21:00;13536574.2558;-19605057.3845;11087164.2262
G01;2022-2-1 22:21:30;13529903.302;-19561197.7309;11171379.1345
G01;2022-2-1 22:22:00;13523222.1955;-19517015.7245;11255373.1246
G01;2022-2-1 22:22:30;13516532.4323;-19472511.9669;11339144.5244
G01;2022-2-1 22:23:00;13509835.5057;-19427687.0714;11422691.6662
G01;2022-2-1 22:23:30;13503132.907;-19382541.6631;11506012.8867
G01;2022-2-1 22:24:00;13496426.1247;-19337076.3788;11589106.5269
G01;2022-2-1 22:24:30;13489716.645;-19291291.8666;11671970.9326
G01;2022-2-1 22:25:00;13483005.9511;-19245188.7866;11754604.4538
G01;2022-2-1 22:25:30;13476295.5237;-19198767.8103;11837005.4453
G01;2022-2-1 22:26:00;13469586.8409;-19152029.6207;11919172.2664
G01;2022-2-1 22:26:30;13462881.3776;-19104974.9125;12001103.2809
G01;2022-2-1 22:27:00;13456180.6059;-19057604.3919;12082796.8576
G01;2022-2-1 22:27:30;13449485.995;-19009918.7765;12164251.3697
G01;2022-2-1 22:28:00;13442799.0109;-18961918.7954;12245465.1953
G01;2022-2-1 22:28:30;13436121.1165;-18913605.1892;12326436.7172
G01;2022-2-1 22:29:00;13429453.7715;-18864978.7098;12407164.3232
G01;2022-2-1 22:29:30;13422798.4322;-18816040.1207;12487646.4057
G01;2022-2-1 22:30:00;13416156.5518;-18766790.1965;12567881.3621
G01;2022-2-1 22:30:30;13409529.5797;-18717229.7234;12647867.5947
G01;2022-2-1 22:31:00;13402918.9621;-18667359.4988;12727603.5109
G01;2022-2-1 22:31:30;13396326.1415;-18617180.3312;12807087.5229
G01;2022-2-1 22:32:00;13389752.5566;-18566693.0407;12886318.048
G01;2022-2-1 22:32:30;13383199.6428;-18515898.4584;12965293.5086
G01;2022-2-1 22:33:00;13376668.8313;-18464797.4266;13044012.3322
G01;2022-2-1 22:33:30;13370161.5496;-18413390.7989;13122472.9513
G01;2022-2-1 22:34:00;13363679.2213;-18361679.4398;13200673.8038
G01;2022-2-1 22:34:30;13357223.266;-18309664.2252;13278613.3326
G01;2022-2-1 22:35:00;13350795.0991;-18257346.0418;13356289.9859
G01;2022-2-1 22:35:30;13344396.132;-18204725.7876;13433702.2173
G01;2022-2-1 22:36:00;13338027.7719;-18151804.3713;13510848.4856
G01;2022-2-1 22:36:30;13331691.4215;-18098582.7128;13587727.2548
G01;2022-2-1 22:37:00;13325388.4795;-18045061.7428;13664336.9946
G01;2022-2-1 22:37:30;13319120.34;-17991242.4031;13740676.1797
G01;2022-2-1 22:38:00;13312888.3925;-17937125.6461;13816743.2907
G01;2022-2-1 22:38:30;13306694.0221;-17882712.4353;13892536.8133
G01;2022-2-1 22:39:00;13300538.6093;-17828003.7447;13968055.239
G01;2022-2-1 22:39:30;13294423.5298;-17773000.5594;14043297.0645
G01;2022-2-1 22:40:00;13288350.1546;-17717703.875;14118260.7925
G01;2022-2-1 22:40:30;13282319.8499;-17662114.6977;14192944.931
G01;2022-2-1 22:41:00;13276333.977;-17606234.0447;14267347.9937
G01;2022-2-1 22:41:30;13270393.8922;-17550062.9434;14341468.5001
G01;2022-2-1 22:42:00;13264500.9467;-17493602.4321;14415304.9752
G01;2022-2-1 22:42:30;13258656.4868;-17436853.5594;14488855.95
G01;2022-2-1 22:43:00;13252861.8535;-17379817.3845;14562119.9611
G01;2022-2-1 22:43:30;13247118.3827;-17322494.9771;14635095.551
G01;2022-2-1 22:44:00;13241427.4048;-17264887.4172;14707781.2679
G01;2022-2-1 22:44:30;13235790.245;-17206995.7953;14780175.666
G01;2022-2-1 22:45:00;13230208.223;-17148821.212;14852277.3053
G01;2022-2-1 22:45:30;13224682.6532;-17090364.7784;14924084.752
G01;2022-2-1 22:46:00;13219214.8442;-17031627.6158;14995596.5779
G01;2022-2-1 22:46:30;13213806.0991;-16972610.8556;15066811.361
G01;2022-2-1 22:47:00;13208457.7153;-16913315.6396;15137727.6853
G01;2022-2-1 22:47:30;13203170.9844;-16853743.1193;15208344.141
G01;2022-2-1 22:48:00;13197947.1924;-16793894.4567;15278659.324
G01;2022-2-1 22:48:30;13192787.6192;-16733770.8235;15348671.8368
G01;2022-2-1 22:49:00;13187693.5387;-16673373.4016;15418380.2878
G01;2022-2-1 22:49:30;13182666.2192;-16612703.3826;15487783.2915
G01;2022-2-1 22:50:00;13177706.9225;-16551761.9683;15556879.4689
G01;2022-2-1 22:50:30;13172816.9045;-16490550.3701;15625667.4469
G01;2022-2-1 22:51:00;13167997.4149;-16429069.8092;15694145.859
G01;2022-2-1 22:51:30;13163249.6972;-16367321.5166;15762313.3449
G01;2022-2-1 22:52:00;13158574.9883;-16305306.7331;15830168.5505
G01;2022-2-1 22:52:30;13153974.5191;-16243026.7089;15897710.1281
G01;2022-2-1 22:53:00;13149449.5139;-16180482.7039;15964936.7367
G01;2022-2-1 22:53:30;13145001.1906;-16117675.9877;16031847.0414
G01;2022-2-1 22:54:00;13140630.7603;-16054607.8393;16098439.7137
G01;2022-2-1 22:54:30;13136339.4278;-15991279.5469;16164713.432
G01;2022-2-1 22:55:00;13132128.3911;-15927692.4086;16230666.8807
G01;2022-2-1 22:55:30;13127998.8414;-15863847.7314;16296298.7511
G01;2022-2-1 22:56:00;13123951.9631;-15799746.8318;16361607.741
G01;2022-2-1 22:56:30;13119988.934;-15735391.0355;16426592.5547
G01;2022-2-1 22:57:00;13116110.9248;-15670781.6773;16491251.9032
G01;2022-2-1 22:57:30;13112319.0991;-15605920.1014;16555584.5042
G01;2022-2-1 22:58:00;13108614.6139;-15540807.6608;16619589.0819
G01;2022-2-1 22:58:30;13104998.6186;-15475445.7177;16683264.3675
G01;2022-2-1 22:59:00;13101472.2559;-15409835.6431;16746609.0987
G01;2022-2-1 22:59:30;13098036.6611;-15343978.8172;16809622.02
G01;2022-2-1 23:00:00;13094692.9623;-15277876.6287;16872301.8828
G01;2022-2-1 23:00:30;13091442.2802;-15211530.4755;16934647.4453
G01;2022-2-1 23:01:00;13088285.7283;-15144941.764;16996657.4724
G01;2022-2-1 23:01:30;13085224.4127;-15078111.9093;17058330.7362
G01;2022-2-1 23:02:00;13082259.4318;-15011042.3352;17119666.0153
G01;2022-2-1 23:02:30;13079391.8767;-14943734.4742;17180662.0955
G01;2022-2-1 23:03:00;13076622.8309;-14876189.7672;17241317.7694
G01;2022-2-1 23:03:30;13073953.3701;-14808409.6635;17301631.8368
G01;2022-2-1 23:04:00;13071384.5625;-14740395.621;17361603.1043
G01;2022-2-1 23:04:30;13068917.4686;-14672149.1058;17421230.3856
G01;2022-2-1 23:05:00;13066553.1409;-14603671.5924;17480512.5015
G01;2022-2-1 23:05:30;13064292.6241;-14534964.5634;17539448.2798
G01;2022-2-1 23:06:00;13062136.9553;-14466029.5097;17598036.5555
G01;2022-2-1 23:06:30;13060087.1632;-14396867.9304;17656276.1707
G01;2022-2-1 23:07:00;13058144.269;-14327481.3323;17714165.9745
G01;2022-2-1 23:07:30;13056309.2854;-14257871.2306;17771704.8236
G01;2022-2-1 23:08:00;13054583.2172;-14188039.1482;17828891.5815
G01;2022-2-1 23:08:30;13052967.0612;-14117986.6159;17885725.1191
G01;2022-2-1 23:09:00;13051461.8057;-14047715.1724;17942204.3146
G01;2022-2-1 23:09:30;13050068.4311;-13977226.3642;17998328.0534
G01;2022-2-1 23:10:00;13048787.9092;-13906521.7452;18054095.2282
G01;2022-2-1 23:10:30;13047621.2036;-13835602.8771;18109504.7391
G01;2022-2-1 23:11:00;13046569.2695;-13764471.3294;18164555.4935
G01;2022-2-1 23:11:30;13045633.0538;-13693128.6786;18219246.4063
G01;2022-2-1 23:12:00;13044813.4946;-13621576.509;18273576.3995
G01;2022-2-1 23:12:30;13044111.5218;-13549816.4122;18327544.403
G01;2022-2-1 23:13:00;13043528.0565;-13477849.987;18381149.3536
G01;2022-2-1 23:13:30;13043064.0112;-13405678.8396;18434390.196
G01;2022-2-1 23:14:00;13042720.2899;-13333304.5832;18487265.8822
G01;2022-2-1 23:14:30;13042497.7878;-13260728.8382;18539775.3718
G01;2022-2-1 23:15:00;13042397.3913;-13187953.2321;18591917.6318
G01;2022-2-1 23:15:30;13042419.978;-13114979.3992;18643691.6369
G01;2022-2-1 23:16:00;13042566.4168;-13041808.981;18695096.3693
G01;2022-2-1 23:16:30;13042837.5674;-12968443.6255;18746130.8188
G01;2022-2-1 23:17:00;13043234.2809;-12894884.9878;18796793.9829
G01;2022-2-1 23:17:30;13043757.3994;-12821134.7294;18847084.8667
G01;2022-2-1 23:18:00;13044407.7557;-12747194.5187;18897002.4829
G01;2022-2-1 23:18:30;13045186.1739;-12673066.0305;18946545.8519
G01;2022-2-1 23:19:00;13046093.4687;-12598750.9463;18995714.002
G01;2022-2-1 23:19:30;13047130.446;-12524250.9538;19044505.9691
G01;2022-2-1 23:20:00;13048297.9022;-12449567.7472;19092920.7966
G01;2022-2-1 23:20:30;13049596.6246;-12374703.0271;19140957.536
G01;2022-2-1 23:21:00;13051027.3913;-12299658.5001;19188615.2466
G01;2022-2-1 23:21:30;13052590.9712;-12224435.8792;19235892.9952
G01;2022-2-1 23:22:00;13054288.1235;-12149036.8832;19282789.8568
G01;2022-2-1 23:22:30;13056119.5985;-12073463.2372;19329304.9138
G01;2022-2-1 23:23:00;13058086.1368;-11997716.6722;19375437.257
G01;2022-2-1 23:23:30;13060188.4696;-11921798.9249;19421185.9846
G01;2022-2-1 23:24:00;13062427.3186;-11845711.738;19466550.203
G01;2022-2-1 23:24:30;13064803.3961;-11769456.8599;19511529.0265
G01;2022-2-1 23:25:00;13067317.4048;-11693036.0446;19556121.5771
G01;2022-2-1 23:25:30;13069970.0378;-11616451.0517;19600326.985
G01;2022-2-1 23:26:00;13072761.9784;-11539703.6465;19644144.3882
G01;2022-2-1 23:26:30;13075693.9007;-11462795.5994;19687572.933
G01;2022-2-1 23:27:00;13078766.4687;-11385728.6866;19730611.7733
G01;2022-2-1 23:27:30;13081980.3367;-11308504.6892;19773260.0714
G01;2022-2-1 23:28:00;13085336.1496;-11231125.3939;19815516.9972
G01;2022-2-1 23:28:30;13088834.542;-11153592.5922;19857381.7292
G01;2022-2-1 23:29:00;13092476.1392;-11075908.0811;19898853.4536
G01;2022-2-1 23:29:30;13096261.5563;-10998073.6623;19939931.3648
G01;2022-2-1 23:30:00;13100191.3985;-10920091.1424;19980614.6652
G01;2022-2-1 23:30:30;13104266.2615;-10841962.3332;20020902.5657
G01;2022-2-1 23:31:00;13108486.7305;-10763689.051;20060794.2848
G01;2022-2-1 23:31:30;13112853.3812;-10685273.1168;20100289.0496
G01;2022-2-1 23:32:00;13117366.779;-10606716.3565;20139386.0951
G01;2022-2-1 23:32:30;13122027.4794;-10528020.6004;20178084.6647
G01;2022-2-1 23:33:00;13126836.0279;-10449187.6833;20216384.0098
G01;2022-2-1 23:33:30;13131792.9597;-10370219.4443;20254283.3902
G01;2022-2-1 23:34:00;13136898.8002;-10291117.7272;20291782.0739
G01;2022-2-1 23:34:30;13142154.0644;-10211884.3797;20328879.3369
G01;2022-2-1 23:35:00;13147559.2572;-10132521.2538;20365574.4638
G01;2022-2-1 23:35:30;13153114.8735;-10053030.2057;20401866.7473
G01;2022-2-1 23:36:00;13158821.3977;-9973413.09565;20437755.4885
G01;2022-2-1 23:36:30;13164679.3042;-9893671.78772;20473239.9966
G01;2022-2-1 23:37:00;13170689.0571;-9813808.14997;20508319.5893
G01;2022-2-1 23:37:30;13176851.11;-9733824.05426;20542993.5926
G01;2022-2-1 23:38:00;13183165.9064;-9653721.37617;20577261.3408
G01;2022-2-1 23:38:30;13189633.8796;-9573501.99495;20611122.1765
G01;2022-2-1 23:39:00;13196255.4521;-9493167.79342;20644575.4508
G01;2022-2-1 23:39:30;13203031.0365;-9412720.65792;20677620.5231
G01;2022-2-1 23:40:00;13209961.0348;-9332162.47819;20710256.7613
G01;2022-2-1 23:40:30;13217045.8386;-9251495.14734;20742483.5414
G01;2022-2-1 23:41:00;13224285.829;-9170720.56176;20774300.2483
G01;2022-2-1 23:41:30;13231681.3767;-9089840.621;20805706.2748
G01;2022-2-1 23:42:00;13239232.8421;-9008857.22775;20836701.0226
G01;2022-2-1 23:42:30;13246940.5748;-8927772.28775;20867283.9016
G01;2022-2-1 23:43:00;13254804.9141;-8846587.70967;20897454.3301
G01;2022-2-1 23:43:30;13262826.1887;-8765305.40509;20927211.7351
G01;2022-2-1 23:44:00;13271004.7168;-8683927.28837;20956555.5519
G01;2022-2-1 23:44:30;13279340.806;-8602455.27662;20985485.2243
G01;2022-2-1 23:45:00;13287834.7533;-8520891.28958;21014000.2048
G01;2022-2-1 23:45:30;13296486.8453;-8439237.24957;21042099.9542
G01;2022-2-1 23:46:00;13305297.3577;-8357495.08138;21069783.9419
G01;2022-2-1 23:46:30;13314266.5558;-8275666.71224;21097051.6458
G01;2022-2-1 23:47:00;13323394.6941;-8193754.0717;21123902.5523
G01;2022-2-1 23:47:30;13332682.0167;-8111759.09155;21150336.1566
G01;2022-2-1 23:48:00;13342128.7569;-8029683.70577;21176351.9621
G01;2022-2-1 23:48:30;13351735.1371;-7947529.85045;21201949.481
G01;2022-2-1 23:49:00;13361501.3695;-7865299.46366;21227128.234
G01;2022-2-1 23:49:30;13371427.6551;-7782994.48544;21251887.7504
G01;2022-2-1 23:50:00;13381514.1847;-7700616.85767;21276227.5682
G01;2022-2-1 23:50:30;13391761.1379;-7618168.52401;21300147.2337
G01;2022-2-1 23:51:00;13402168.6838;-7535651.42984;21323646.3022
G01;2022-2-1 23:51:30;13412736.9809;-7453067.52213;21346724.3372
G01;2022-2-1 23:52:00;13423466.1768;-7370418.74941;21369380.9112
G01;2022-2-1 23:52:30;13434356.4083;-7287707.06167;21391615.6052
G01;2022-2-1 23:53:00;13445407.8015;-7204934.41028;21413428.0086
G01;2022-2-1 23:53:30;13456620.4718;-7122102.7479;21434817.7197
G01;2022-2-1 23:54:00;13467994.5237;-7039214.02843;21455784.3456
G01;2022-2-1 23:54:30;13479530.051;-6956270.2069;21476327.5016
G01;2022-2-1 23:55:00;13491227.1368;-6873273.23941;21496446.8119
G01;2022-2-1 23:55:30;13503085.8532;-6790225.08304;21516141.9096
G01;2022-2-1 23:56:00;13515106.2617;-6707127.69578;21535412.436
G01;2022-2-1 23:56:30;13527288.4129;-6623983.03644;21554258.0415
G01;2022-2-1 23:57:00;13539632.3466;-6540793.06456;21572678.3849
G01;2022-2-1 23:57:30;13552138.0919;-6457559.74037;21590673.1337
G01;2022-2-1 23:58:00;13564805.6669;-6374285.02466;21608241.9644
G01;2022-2-1 23:58:30;13577635.079;-6290970.87875;21625384.5618
G01;2022-2-1 23:59:00;13590626.3249;-6207619.26436;21642100.6197
G01;2022-2-1 23:59:30;13603779.3903;-6124232.14357;21658389.8404
G01;2022-2-2 00:00:00;13617094.2502;-6040811.47872;21674251.9349
